-- phpMyAdmin SQL Dump
-- version 3.4.10.1deb1
-- http://www.phpmyadmin.net
--
-- Host: localhost
-- Generation Time: Jul 24, 2015 at 11:36 AM
-- Server version: 5.5.43
-- PHP Version: 5.4.36-1+deb.sury.org~precise+2

SET SQL_MODE="NO_AUTO_VALUE_ON_ZERO";
SET time_zone = "+00:00";


/*!40101 SET @OLD_CHARACTER_SET_CLIENT=@@CHARACTER_SET_CLIENT */;
/*!40101 SET @OLD_CHARACTER_SET_RESULTS=@@CHARACTER_SET_RESULTS */;
/*!40101 SET @OLD_COLLATION_CONNECTION=@@COLLATION_CONNECTION */;
/*!40101 SET NAMES utf8 */;

--
-- Database: `edmodo_interview`
--

-- --------------------------------------------------------

--
-- Table structure for table `homeworks`
--

DROP TABLE IF EXISTS `homeworks`;
CREATE TABLE IF NOT EXISTS `homeworks` (
  `id` int(11) NOT NULL AUTO_INCREMENT,
  `created_at` datetime NOT NULL,
  `updated_at` timestamp NOT NULL DEFAULT CURRENT_TIMESTAMP,
  `title` varchar(255) NOT NULL,
  `question` text NOT NULL,
  `due_date` date NOT NULL,
  `teacher_id` int(11) NOT NULL,
  `submissions` int(5) NOT NULL DEFAULT '0',
  `students` int(5) NOT NULL DEFAULT '0',
  PRIMARY KEY (`id`),
  KEY `teacher_id` (`teacher_id`)
) ENGINE=InnoDB  DEFAULT CHARSET=latin1 AUTO_INCREMENT=4 ;

--
-- Dumping data for table `homeworks`
--

INSERT INTO `homeworks` (`id`, `created_at`, `updated_at`, `title`, `question`, `due_date`, `teacher_id`, `submissions`, `students`) VALUES
(1, '2015-07-07 00:00:00', '2015-07-08 06:24:31', 'Infinity Stone 101', 'What is Tessaract?', '2015-07-13', 3, 3, 1),
(2, '2015-07-07 00:00:00', '2015-07-08 06:25:26', 'History of Shield', 'Write a little about the history of shield', '2015-07-06', 3, 0, 2),
(3, '2015-07-07 00:00:00', '2015-07-08 06:26:09', 'Project PEGASUS', 'What is Pegasus', '2015-07-23', 3, 1, 5);

-- --------------------------------------------------------

--
-- Table structure for table `homework_students`
--

DROP TABLE IF EXISTS `homework_students`;
CREATE TABLE IF NOT EXISTS `homework_students` (
  `id` int(11) NOT NULL AUTO_INCREMENT,
  `created_at` datetime NOT NULL,
  `updated_at` timestamp NOT NULL DEFAULT CURRENT_TIMESTAMP,
  `homework_id` int(11) NOT NULL,
  `student_id` int(11) NOT NULL,
  PRIMARY KEY (`id`),
  KEY `homework_id` (`homework_id`),
  KEY `student_id` (`student_id`)
) ENGINE=InnoDB  DEFAULT CHARSET=latin1 AUTO_INCREMENT=9 ;

--
-- Dumping data for table `homework_students`
--

INSERT INTO `homework_students` (`id`, `created_at`, `updated_at`, `homework_id`, `student_id`) VALUES
(1, '0000-00-00 00:00:00', '2015-07-08 07:33:28', 1, 4),
(2, '0000-00-00 00:00:00', '2015-07-09 04:03:29', 2, 4),
(3, '0000-00-00 00:00:00', '2015-07-10 03:30:55', 1, 7),
(4, '2015-07-08 00:00:00', '2015-07-10 03:41:51', 3, 4),
(5, '2015-07-08 00:00:00', '2015-07-10 03:41:51', 3, 5),
(6, '2015-07-08 00:00:00', '2015-07-10 03:42:23', 3, 6),
(7, '2015-07-08 00:00:00', '2015-07-10 03:42:23', 3, 7),
(8, '2015-07-08 00:00:00', '2015-07-10 03:43:11', 3, 8);

-- --------------------------------------------------------

--
-- Table structure for table `homework_submissions`
--

DROP TABLE IF EXISTS `homework_submissions`;
CREATE TABLE IF NOT EXISTS `homework_submissions` (
  `id` int(11) NOT NULL AUTO_INCREMENT,
  `created_at` datetime NOT NULL,
  `updated_at` timestamp NOT NULL DEFAULT CURRENT_TIMESTAMP,
  `student_id` int(11) NOT NULL,
  `homework_id` int(11) NOT NULL,
  `submission` text NOT NULL,
  `seen` tinyint(1) NOT NULL,
  PRIMARY KEY (`id`),
  KEY `homework_id` (`homework_id`),
  KEY `student_id` (`student_id`)
) ENGINE=InnoDB  DEFAULT CHARSET=latin1 AUTO_INCREMENT=11 ;

--
-- Dumping data for table `homework_submissions`
--

INSERT INTO `homework_submissions` (`id`, `created_at`, `updated_at`, `student_id`, `homework_id`, `submission`, `seen`) VALUES
(1, '0000-00-00 00:00:00', '2015-07-08 07:30:39', 4, 1, 'This is my first answer', 0),
(2, '0000-00-00 00:00:00', '2015-07-08 07:41:29', 4, 1, 'This is my second submission', 0),
(3, '0000-00-00 00:00:00', '2015-07-09 07:35:15', 4, 1, 'This is my third answer', 0),
(4, '0000-00-00 00:00:00', '2015-07-10 05:52:05', 5, 3, 'Hulk first answer!', 0),
(5, '0000-00-00 00:00:00', '2015-07-10 06:26:19', 4, 3, 'test', 0),
(6, '0000-00-00 00:00:00', '2015-07-10 06:36:46', 4, 3, 'test', 0),
(7, '0000-00-00 00:00:00', '2015-07-10 06:36:55', 4, 3, 'blah', 0),
(8, '0000-00-00 00:00:00', '2015-07-10 06:38:40', 4, 3, 'test', 0),
(9, '0000-00-00 00:00:00', '2015-07-10 06:38:59', 4, 3, 'test', 0),
(10, '0000-00-00 00:00:00', '2015-07-10 06:39:16', 4, 3, 'test', 0);

-- --------------------------------------------------------

--
-- Table structure for table `spotlight_apps`
--

DROP TABLE IF EXISTS `spotlight_apps`;
CREATE TABLE IF NOT EXISTS `spotlight_apps` (
  `id` bigint(50) NOT NULL,
  `updated_at` timestamp NOT NULL DEFAULT CURRENT_TIMESTAMP ON UPDATE CURRENT_TIMESTAMP,
  `creation_date` date NOT NULL,
  `currency` varchar(255) CHARACTER SET latin1 NOT NULL,
  `title` varchar(255) CHARACTER SET latin1 NOT NULL,
  `owner_id` bigint(50) NOT NULL,
  `owner_name` varchar(255) CHARACTER SET latin1 NOT NULL,
  `price` float(5,1) NOT NULL,
  `url` varchar(255) CHARACTER SET latin1 NOT NULL,
  `img_path` varchar(255) CHARACTER SET latin1 NOT NULL,
  `seller_thumb_url` varchar(255) CHARACTER SET latin1 NOT NULL,
  `long_desc` text CHARACTER SET latin1 NOT NULL,
  `avg_rating` float(5,1) NOT NULL,
  `num_raters` int(11) NOT NULL DEFAULT '0',
  PRIMARY KEY (`id`),
  FULLTEXT KEY `FullText` (`title`,`long_desc`)
) ENGINE=MyISAM DEFAULT CHARSET=utf8;

--
-- Dumping data for table `spotlight_apps`
--

INSERT INTO `spotlight_apps` (`id`, `updated_at`, `creation_date`, `currency`, `title`, `owner_id`, `owner_name`, `price`, `url`, `img_path`, `seller_thumb_url`, `long_desc`, `avg_rating`, `num_raters`) VALUES
(291509, '2015-07-22 15:41:38', '2015-04-02', 'USD', ' Discovering Math: Computations', 67221589, 'Sujit', 0.0, 'discovering-math-computations,291509/', 'https://media-market.edmodo.com/media/public/6a1175ccfc0f7f46af82c9947e82440ada6d3b8e.jpeg', 'https://api.edmodo.com/users/67221589/avatar?type=small&u=1ukoslx72ef9up1fc6l2rdm5a', 'Student Objectives\n\n1. Add, subtract, multiply, and divide rational numbers.\n\n2. Create a game incorporating computation on rational numbers.\n\n3. Find the square and the cube of numbers.\n\n4. Use algebraic properties and apply a variety of computational methods and algorithms to evaluate expressions.\n\n5. Utilize the order of operations to correctly evaluate expressions.\n\n6. Work with a team to write and evaluate expressions.\n\n7. Calculate the rate of change caused by earned interest on investments.\n\n8. Use estimation to plan and budget for a trip to chosen location.', 5.0, 1),
(291513, '2015-07-22 15:41:50', '2015-04-03', 'USD', 'Fractions and Percentages', 70129797, 'Pearson Publishing Ltd', 3.0, 'fractions-and-percentages,291513/', 'https://media-market.edmodo.com/media/public/43f480d872c257f5140b14b627a6807114b847eb.jpeg', 'https://api.edmodo.com/users/70129797/avatar?type=small&u=3jyihme6kc91g6lgsatj40fz4', 'A class worksheet, question sets, answers and teacher''s notes. ', 5.0, 1),
(291517, '2015-07-22 15:41:50', '2015-04-03', 'USD', 'Decimals, Fractions and Percentages', 70129797, 'Pearson Publishing Ltd', 3.0, 'decimals-fractions-and-percentages,291517/', 'https://media-market.edmodo.com/media/public/70b0964f09aa112a12a0b50ec5c30b408b9c52d2.jpeg', 'https://api.edmodo.com/users/70129797/avatar?type=small&u=3jyihme6kc91g6lgsatj40fz4', 'A class worksheet, question sets, answers and teacher''s notes. ', 3.0, 2),
(291569, '2015-07-22 15:41:38', '2015-04-03', 'USD', 'Non-Calculator Maths', 70129797, 'Pearson Publishing Ltd', 3.0, 'non-calculator-maths,291569/', 'https://media-market.edmodo.com/media/public/f6efad5510fed528ad0dbe5a2637835942100cf5.jpeg', 'https://api.edmodo.com/users/70129797/avatar?type=small&u=3jyihme6kc91g6lgsatj40fz4', 'Classroom and homework worksheet and answers.', 1.3, 3),
(291581, '2015-07-22 15:41:50', '2015-04-03', 'USD', 'Fractions and Percentages', 70129797, 'Pearson Publishing Ltd', 3.0, 'fractions-and-percentages,291581/', 'https://media-market.edmodo.com/media/public/37080a8b7d14edf5e022051122ce9b8308917012.jpeg', 'https://api.edmodo.com/users/70129797/avatar?type=small&u=3jyihme6kc91g6lgsatj40fz4', 'Classroom and homework worksheet and answers.', 0.0, 0),
(291583, '2015-07-22 15:41:47', '2015-04-03', 'USD', 'Fractions', 70129797, 'Pearson Publishing Ltd', 3.0, 'fractions,291583/', 'https://media-market.edmodo.com/media/public/257edbefd09821625c576bb560d64ee8624da091.jpeg', 'https://api.edmodo.com/users/70129797/avatar?type=small&u=3jyihme6kc91g6lgsatj40fz4', 'Classroom and homework worksheet and answers.', 0.0, 0),
(291587, '2015-07-22 15:41:50', '2015-04-03', 'USD', 'Decimals, Percentages and Fractions', 70129797, 'Pearson Publishing Ltd', 3.0, 'decimals-percentages-and-fractions,291587/', 'https://media-market.edmodo.com/media/public/c20498ccf8724f3d51d86ca2e32356c7dfba190d.jpeg', 'https://api.edmodo.com/users/70129797/avatar?type=small&u=3jyihme6kc91g6lgsatj40fz4', 'Classroom and homework worksheet and answers.', 0.0, 0),
(291707, '2015-07-22 15:41:48', '2015-04-03', 'USD', 'Fractions', 70129797, 'Pearson Publishing Ltd', 3.0, 'fractions,291707/', 'https://media-market.edmodo.com/media/public/148a00ce808f0ba203c6d343e5687b2b97e0eef2.jpeg', 'https://api.edmodo.com/users/70129797/avatar?type=small&u=3jyihme6kc91g6lgsatj40fz4', 'Classroom and homework worksheet and answers.', 0.0, 0),
(291709, '2015-07-22 15:41:50', '2015-04-03', 'USD', 'Decimals, Percentages and Fractions', 70129797, 'Pearson Publishing Ltd', 3.0, 'decimals-percentages-and-fractions,291709/', 'https://media-market.edmodo.com/media/public/fd2399beccb3b81160fe26509c93e27d99eda8e9.jpeg', 'https://api.edmodo.com/users/70129797/avatar?type=small&u=3jyihme6kc91g6lgsatj40fz4', 'Classroom and homework worksheet and answers.', 0.0, 0),
(291715, '2015-07-22 15:41:50', '2015-04-03', 'USD', 'Percentages and Fractions', 70129797, 'Pearson Publishing Ltd', 3.0, 'percentages-and-fractions,291715/', 'https://media-market.edmodo.com/media/public/daa0f52d58533ef7bb6394557b102c7726429bf3.jpeg', 'https://api.edmodo.com/users/70129797/avatar?type=small&u=3jyihme6kc91g6lgsatj40fz4', 'Classroom and homework worksheet and answers.', 1.0, 2),
(291847, '2015-07-22 15:41:38', '2015-04-03', 'USD', 'Maths Investigation: Triangular Numbers', 70129797, 'Pearson Publishing Ltd', 3.0, 'maths-investigation-triangular-numbers,291847/', 'https://media-market.edmodo.com/media/public/1288d916ad75ab63b9ce20561490e84502de7916.jpeg', 'https://api.edmodo.com/users/70129797/avatar?type=small&u=3jyihme6kc91g6lgsatj40fz4', 'Investigation activity and teacher''s notes.', 1.0, 2),
(291849, '2015-07-22 15:41:38', '2015-04-03', 'USD', 'Maths Investigations: Square Numbers', 70129797, 'Pearson Publishing Ltd', 3.0, 'maths-investigations-square-numbers,291849/', 'https://media-market.edmodo.com/media/public/73b12a45129d6e0be3dae17a1379d6eb96bb0ef7.jpeg', 'https://api.edmodo.com/users/70129797/avatar?type=small&u=3jyihme6kc91g6lgsatj40fz4', 'Investigation activity and teacher''s notes.', 2.5, 2),
(291851, '2015-07-22 15:41:38', '2015-04-03', 'USD', 'Maths Investigations: Number Patterns', 70129797, 'Pearson Publishing Ltd', 3.0, 'maths-investigations-number-patterns,291851/', 'https://media-market.edmodo.com/media/public/bf4dcab90efc753b6f9d0e38f7b486d8f389cb87.jpeg', 'https://api.edmodo.com/users/70129797/avatar?type=small&u=3jyihme6kc91g6lgsatj40fz4', 'Investigation activity and teacher''s notes.', 1.7, 3),
(291853, '2015-07-22 15:41:38', '2015-04-03', 'USD', 'Maths Investigations: Overlaps', 70129797, 'Pearson Publishing Ltd', 3.0, 'maths-investigations-overlaps,291853/', 'https://media-market.edmodo.com/media/public/bd43d6b2681f061fac987ca7c846b65f4794dbd7.jpeg', 'https://api.edmodo.com/users/70129797/avatar?type=small&u=3jyihme6kc91g6lgsatj40fz4', 'Investigation activity and teacher''s notes.', 1.5, 2),
(291855, '2015-07-22 15:41:38', '2015-04-03', 'USD', 'Maths Investigations: Surround Shapes', 70129797, 'Pearson Publishing Ltd', 3.0, 'maths-investigations-surround-shapes,291855/', 'https://media-market.edmodo.com/media/public/d03e7a962fe090bf29d0c8a618569874cf31f6c3.jpeg', 'https://api.edmodo.com/users/70129797/avatar?type=small&u=3jyihme6kc91g6lgsatj40fz4', 'Investigation activity and teacher''s notes.', 3.0, 3),
(291857, '2015-07-22 15:41:38', '2015-04-03', 'USD', 'Maths Investigation: Jumping Counters', 70129797, 'Pearson Publishing Ltd', 3.0, 'maths-investigation-jumping-counters,291857/', 'https://media-market.edmodo.com/media/public/4a28286b60c99b275ec976268023acd40a513062.jpeg', 'https://api.edmodo.com/users/70129797/avatar?type=small&u=3jyihme6kc91g6lgsatj40fz4', 'Investigation activity and teacher''s notes.', 3.0, 1),
(291859, '2015-07-22 15:41:38', '2015-04-03', 'USD', 'Maths Investigation: Pegboard Jumps', 70129797, 'Pearson Publishing Ltd', 3.0, 'maths-investigation-pegboard-jumps,291859/', 'https://media-market.edmodo.com/media/public/cb2b840bcb65a320da2a0dcda34d3f1a54d0c1d5.jpeg', 'https://api.edmodo.com/users/70129797/avatar?type=small&u=3jyihme6kc91g6lgsatj40fz4', 'Investigation activity and teacher''s notes.', 2.5, 2),
(291861, '2015-07-22 15:41:38', '2015-04-03', 'USD', 'Maths Investigation: Amazing 2-D Digits', 70129797, 'Pearson Publishing Ltd', 3.0, 'maths-investigation-amazing-2-d-digits,291861/', 'https://media-market.edmodo.com/media/public/20ef062db0d1648560a7bbb65c309dffd7776ffb.jpeg', 'https://api.edmodo.com/users/70129797/avatar?type=small&u=3jyihme6kc91g6lgsatj40fz4', 'Investigation activity and teacher''s notes.', 2.5, 2),
(291863, '2015-07-22 15:41:38', '2015-04-03', 'USD', 'Maths Investigations: Blocks', 70129797, 'Pearson Publishing Ltd', 3.0, 'maths-investigations-blocks,291863/', 'https://media-market.edmodo.com/media/public/aa3d11e8936e6d05111ee277f358725660ddeb8c.jpeg', 'https://api.edmodo.com/users/70129797/avatar?type=small&u=3jyihme6kc91g6lgsatj40fz4', 'Investigation activity and teacher''s notes.', 1.0, 1),
(291865, '2015-07-22 15:41:39', '2015-04-03', 'USD', 'Maths Investigation: Cross Blocks', 70129797, 'Pearson Publishing Ltd', 3.0, 'maths-investigation-cross-blocks,291865/', 'https://media-market.edmodo.com/media/public/9d95a4890a022c3b860470d203f78b4827f33e8c.jpeg', 'https://api.edmodo.com/users/70129797/avatar?type=small&u=3jyihme6kc91g6lgsatj40fz4', 'Investigation activity and teacher''s notes.', 4.0, 1),
(291869, '2015-07-22 15:41:39', '2015-04-03', 'USD', 'Maths Investigation: Halving', 70129797, 'Pearson Publishing Ltd', 3.0, 'maths-investigation-halving,291869/', 'https://media-market.edmodo.com/media/public/272fe7c21c57ad19a5ce0a8ed1cb698514fbf785.jpeg', 'https://api.edmodo.com/users/70129797/avatar?type=small&u=3jyihme6kc91g6lgsatj40fz4', 'Investigation, worksheet and teacher''s notes', 2.0, 2),
(291879, '2015-07-22 15:41:39', '2015-04-03', 'USD', 'Maths Investigation: Towers', 70129797, 'Pearson Publishing Ltd', 3.0, 'maths-investigation-towers,291879/', 'https://media-market.edmodo.com/media/public/8d475a8745790c3643ceedbebff788e6cd826793.jpeg', 'https://api.edmodo.com/users/70129797/avatar?type=small&u=3jyihme6kc91g6lgsatj40fz4', 'Investigation activity and teacher''s notes.', 0.0, 0),
(291881, '2015-07-22 15:41:39', '2015-04-03', 'USD', 'Maths Investigation: A Football Competition', 70129797, 'Pearson Publishing Ltd', 3.0, 'maths-investigation-a-football-competition,291881/', 'https://media-market.edmodo.com/media/public/d226f44221821e283a296d30a978cb1e03ba5e5d.jpeg', 'https://api.edmodo.com/users/70129797/avatar?type=small&u=3jyihme6kc91g6lgsatj40fz4', 'Investigation activity and teacher''s notes.', 1.0, 1),
(291883, '2015-07-22 15:41:39', '2015-04-03', 'USD', 'Maths Investigation: Dice', 70129797, 'Pearson Publishing Ltd', 3.0, 'maths-investigation-dice,291883/', 'https://media-market.edmodo.com/media/public/c4b33a16cdf4f98595014d121dd842daef84cae0.jpeg', 'https://api.edmodo.com/users/70129797/avatar?type=small&u=3jyihme6kc91g6lgsatj40fz4', 'Investigation activity and teacher''s notes.', 3.0, 3),
(291891, '2015-07-22 15:41:39', '2015-04-03', 'USD', 'Maths Investigation: Pinboard Shapes', 70129797, 'Pearson Publishing Ltd', 3.0, 'maths-investigation-pinboard-shapes,291891/', 'https://media-market.edmodo.com/media/public/1426e112dd7f7db1a4224a2d83accc25e4e1097b.jpeg', 'https://api.edmodo.com/users/70129797/avatar?type=small&u=3jyihme6kc91g6lgsatj40fz4', 'Investigation, worksheet and teacher''s notes', 3.0, 1),
(291893, '2015-07-22 15:41:39', '2015-04-03', 'USD', 'Maths Investigation: Pinboard Areas', 70129797, 'Pearson Publishing Ltd', 3.0, 'maths-investigation-pinboard-areas,291893/', 'https://media-market.edmodo.com/media/public/d810519aa71490dc86afd3397b50993d8f74bab7.jpeg', 'https://api.edmodo.com/users/70129797/avatar?type=small&u=3jyihme6kc91g6lgsatj40fz4', 'Investigation activity and teacher''s notes.', 2.0, 3),
(291897, '2015-07-22 15:41:39', '2015-04-03', 'USD', 'Maths Investigation: Triangles', 70129797, 'Pearson Publishing Ltd', 3.0, 'maths-investigation-triangles,291897/', 'https://media-market.edmodo.com/media/public/d363199a688cd492c892bb0ae48cf5ee7d888bd7.jpeg', 'https://api.edmodo.com/users/70129797/avatar?type=small&u=3jyihme6kc91g6lgsatj40fz4', 'Investigation, worksheet and teacher''s notes', 3.0, 2),
(292503, '2015-07-22 15:41:50', '2015-04-03', 'USD', 'Football Fractions - Football Teams', 21327007, 'NextLesson', 6.0, 'football-fractions-football-teams,292503/', 'https://media-market.edmodo.com/media/public/1fc52f36181b642a3fc5194de8a6608db4daabd9.png', 'https://api.edmodo.com/users/21327007/avatar?type=small&u=c05yg26evy3tczfwdthx3y1fm', 'In Football Fractions students use data on their favorite football team to practice creating and comparing fractions. As data analysts, they have to look at data on drives and plays to advise the coach on team decisions.', 0.0, 0),
(292723, '2015-07-22 15:41:50', '2015-04-03', 'USD', 'Holiday Fractions - Holidays', 21327007, 'NextLesson', 0.0, 'holiday-fractions-holidays,292723/', 'https://media-market.edmodo.com/media/public/942342fd5e9eff5d711b57fed94af0f862ffc5e9.png', 'https://api.edmodo.com/users/21327007/avatar?type=small&u=c05yg26evy3tczfwdthx3y1fm', 'In Holiday Fractions, students use foods from their favorite holiday to practice identifying and comparing fractions and equivalents. As caterers for a holiday picnic, they have to divide up the food between the guests fairly.', 5.0, 1),
(292831, '2015-07-22 15:41:43', '2015-04-03', 'USD', 'Minecrafting Dilemma', 21327007, 'NextLesson', 3.0, 'minecrafting-dilemma,292831/', 'https://media-market.edmodo.com/media/public/58bd56c3762274f07b2a95c14ffd50c76623be61.png', 'https://api.edmodo.com/users/21327007/avatar?type=small&u=c05yg26evy3tczfwdthx3y1fm', 'In Minecrafting Dilemma, students use real information and situations from the popular video game Minecraft to practice multiplication and division to 100. As video game developers, they have to be able to quickly calculate resources needed at the crafting table and come up with the appropriate algorithms using properties of operations.', 0.0, 0),
(293091, '2015-07-22 15:41:38', '2015-04-07', 'USD', 'Math Jeopardy', 3671077, 'Rory', 0.0, 'math-jeopardy,293091/', 'https://spotlight.edmodo.com/static/img/subject_39.jpg', 'https://api.edmodo.com/users/3671077/avatar?type=small&u=3hds0i8eu3l57gjnb3sqcl2uo', 'Reviews place value, fractions, problem solving, and estimation.', 5.0, 1),
(293507, '2015-07-22 15:41:42', '2015-04-13', 'USD', 'Mixtures', 68065005, 'Andover Education', 0.0, 'mixtures,293507/', 'https://media-market.edmodo.com/media/public/c773955754e44255b8c8e51116c61e455d41f7d5.png', 'https://api.edmodo.com/users/68065005/avatar?type=small&u=j79ncrf8nrsrio2zp9qh8pqa', '', 4.5, 2),
(293583, '2015-07-22 15:41:41', '2015-04-13', 'USD', 'Mitosis and Meiosis', 68065005, 'Andover Education', 0.0, 'mitosis-and-meiosis,293583/', 'https://media-market.edmodo.com/media/public/4ef7772da71f45d6d36f5ea3fcc9e26211a93d04.png', 'https://api.edmodo.com/users/68065005/avatar?type=small&u=j79ncrf8nrsrio2zp9qh8pqa', '', 0.0, 0),
(293593, '2015-07-22 15:41:49', '2015-04-13', 'USD', 'Fraction boxes', 68065005, 'Andover Education', 0.0, 'fraction-boxes,293593/', 'https://media-market.edmodo.com/media/public/32a75cde2b4d0a2c68fab07cf2d41a055e2357ef.png', 'https://api.edmodo.com/users/68065005/avatar?type=small&u=j79ncrf8nrsrio2zp9qh8pqa', '', 4.0, 1),
(293601, '2015-07-22 15:41:50', '2015-04-13', 'USD', 'Ordering fractions lesson', 68065005, 'Andover Education', 0.0, 'ordering-fractions-lesson,293601/', 'https://media-market.edmodo.com/media/public/92bc274b791f6cbfea9e8cb2f89613172370af29.png', 'https://api.edmodo.com/users/68065005/avatar?type=small&u=j79ncrf8nrsrio2zp9qh8pqa', '', 4.0, 1),
(293701, '2015-07-22 15:41:38', '2015-04-13', 'USD', '5th Grade Math Worksheets', 68065005, 'Andover Education', 0.0, '5th-grade-math-worksheets,293701/', 'https://media-market.edmodo.com/media/public/3022362eb875aa85bb2b97a049e6c7a8ea2b3399.png', 'https://api.edmodo.com/users/68065005/avatar?type=small&u=j79ncrf8nrsrio2zp9qh8pqa', '', 0.0, 0),
(293749, '2015-07-22 15:41:50', '2015-04-13', 'USD', 'Decimals, factors, and fractions ', 68065005, 'Andover Education', 0.0, 'decimals-factors-and-fractions,293749/', 'https://media-market.edmodo.com/media/public/17ac3a417ca17cd22b3a4c0e07bfc93db3f43aaf.png', 'https://api.edmodo.com/users/68065005/avatar?type=small&u=j79ncrf8nrsrio2zp9qh8pqa', '', 4.0, 1),
(293815, '2015-07-22 15:41:36', '2015-04-13', 'USD', 'Jellybean Math', 68065005, 'Andover Education', 0.0, 'jellybean-math,293815/', 'https://media-market.edmodo.com/media/public/5c93cc4f4d030a6dd12b2735a9d206036ef712cf.png', 'https://api.edmodo.com/users/68065005/avatar?type=small&u=j79ncrf8nrsrio2zp9qh8pqa', '', 4.0, 1),
(293945, '2015-07-22 15:41:38', '2015-04-13', 'USD', 'Matter', 68065005, 'Andover Education', 0.0, 'matter,293945/', 'https://media-market.edmodo.com/media/public/374ad655b098cdb4cbde18d29bdcd84ae862db27.png', 'https://api.edmodo.com/users/68065005/avatar?type=small&u=j79ncrf8nrsrio2zp9qh8pqa', '', 0.0, 0),
(294021, '2015-07-22 15:41:48', '2015-04-13', 'USD', 'Fractions Game', 68065005, 'Andover Education', 0.0, 'fractions-game,294021/', 'https://media-market.edmodo.com/media/public/baedcb7a14de05760ddc2c3bb3d85edf61ed113b.png', 'https://api.edmodo.com/users/68065005/avatar?type=small&u=j79ncrf8nrsrio2zp9qh8pqa', '', 4.0, 1),
(294117, '2015-07-22 15:41:43', '2015-04-13', 'USD', 'Microbes Worksheet', 68065005, 'Andover Education', 0.0, 'microbes-worksheet,294117/', 'https://media-market.edmodo.com/media/public/2d35eb7c31b522e22e1de4af10cc0dc2bb698fd2.png', 'https://api.edmodo.com/users/68065005/avatar?type=small&u=j79ncrf8nrsrio2zp9qh8pqa', '', 0.0, 0),
(294149, '2015-07-22 15:41:48', '2015-04-13', 'USD', 'Fractions Game', 68065005, 'Andover Education', 0.0, 'fractions-game,294149/', 'https://media-market.edmodo.com/media/public/c6d55dc94906531f76f143763f81a8bd56c2240d.png', 'https://api.edmodo.com/users/68065005/avatar?type=small&u=j79ncrf8nrsrio2zp9qh8pqa', '', 0.0, 0),
(294207, '2015-07-22 15:41:36', '2015-04-13', 'USD', 'Christmas Math', 68065005, 'Andover Education', 0.0, 'christmas-math,294207/', 'https://media-market.edmodo.com/media/public/fffaae9e439ca49ebad73fec0919a9640a7de242.png', 'https://api.edmodo.com/users/68065005/avatar?type=small&u=j79ncrf8nrsrio2zp9qh8pqa', '', 4.0, 1),
(294513, '2015-07-22 15:41:43', '2015-04-13', 'USD', 'Minerals Webquest', 68065005, 'Andover Education', 0.0, 'minerals-webquest,294513/', 'https://media-market.edmodo.com/media/public/74a85e3708a63ab6f66409e5e33ecff7b9abdab5.png', 'https://api.edmodo.com/users/68065005/avatar?type=small&u=j79ncrf8nrsrio2zp9qh8pqa', '', 0.0, 0),
(294653, '2015-07-22 15:41:36', '2015-04-13', 'USD', 'Math Assessment', 68065005, 'Andover Education', 0.0, 'math-assessment,294653/', 'https://media-market.edmodo.com/media/public/ba5724109e1d676be865bb87b5cc033d9afee72c.png', 'https://api.edmodo.com/users/68065005/avatar?type=small&u=j79ncrf8nrsrio2zp9qh8pqa', '', 4.0, 1),
(294699, '2015-07-22 15:41:42', '2015-04-13', 'USD', 'Miscellaneous', 68065005, 'Andover Education', 0.0, 'miscellaneous,294699/', 'https://media-market.edmodo.com/media/public/3022362eb875aa85bb2b97a049e6c7a8ea2b3399.png', 'https://api.edmodo.com/users/68065005/avatar?type=small&u=j79ncrf8nrsrio2zp9qh8pqa', '', 0.0, 0),
(294887, '2015-07-22 15:41:43', '2015-04-13', 'USD', 'Millionaire probability', 68065005, 'Andover Education', 0.0, 'millionaire-probability,294887/', 'https://media-market.edmodo.com/media/public/60138d3c2e6fd993778c7f400233513f7360d269.png', 'https://api.edmodo.com/users/68065005/avatar?type=small&u=j79ncrf8nrsrio2zp9qh8pqa', '', 4.0, 1),
(295097, '2015-07-22 15:41:50', '2015-04-13', 'USD', 'Adding fractions same denominator', 68065005, 'Andover Education', 0.0, 'adding-fractions-same-denominator,295097/', 'https://media-market.edmodo.com/media/public/329c1d696a4cbd4f0f58779665e287c874a2d4ac.png', 'https://api.edmodo.com/users/68065005/avatar?type=small&u=j79ncrf8nrsrio2zp9qh8pqa', '', 4.0, 1),
(295101, '2015-07-22 15:41:48', '2015-04-13', 'USD', 'Fractions Quiz', 68065005, 'Andover Education', 0.0, 'fractions-quiz,295101/', 'https://media-market.edmodo.com/media/public/c2a990ee84257d1e765a03f173d1d721a063dc82.png', 'https://api.edmodo.com/users/68065005/avatar?type=small&u=j79ncrf8nrsrio2zp9qh8pqa', '', 4.0, 1),
(295147, '2015-07-22 15:41:48', '2015-04-13', 'USD', 'Cancelling fractions', 68065005, 'Andover Education', 0.0, 'cancelling-fractions,295147/', 'https://media-market.edmodo.com/media/public/b30024ff02cd207e8ef0f0feb2213c74bcd9d919.png', 'https://api.edmodo.com/users/68065005/avatar?type=small&u=j79ncrf8nrsrio2zp9qh8pqa', '', 4.0, 1),
(295309, '2015-07-22 15:41:45', '2015-04-13', 'USD', 'Minimalist Music', 68065005, 'Andover Education', 0.0, 'minimalist-music,295309/', 'https://media-market.edmodo.com/media/public/50fb89bbca0e3415b70e8fc597288ba227bd4bd1.png', 'https://api.edmodo.com/users/68065005/avatar?type=small&u=j79ncrf8nrsrio2zp9qh8pqa', '', 0.0, 0),
(295669, '2015-07-22 15:41:45', '2015-04-13', 'USD', 'Trumps Minibeasts 3', 68065005, 'Andover Education', 0.0, 'trumps-minibeasts-3,295669/', 'https://media-market.edmodo.com/media/public/e11c6e55ad44071ed381f24745c47ad081723316.png', 'https://api.edmodo.com/users/68065005/avatar?type=small&u=j79ncrf8nrsrio2zp9qh8pqa', '', 0.0, 0),
(296015, '2015-07-22 15:41:45', '2015-04-13', 'USD', 'Separating Mixtures', 68065005, 'Andover Education', 0.0, 'separating-mixtures,296015/', 'https://media-market.edmodo.com/media/public/ffe3ab0df6270d67d36af2e1012a2673c9fb2525.png', 'https://api.edmodo.com/users/68065005/avatar?type=small&u=j79ncrf8nrsrio2zp9qh8pqa', '', 0.0, 0),
(296025, '2015-07-22 15:41:45', '2015-04-13', 'USD', 'Trumps Minibeasts 1', 68065005, 'Andover Education', 0.0, 'trumps-minibeasts-1,296025/', 'https://media-market.edmodo.com/media/public/ccaa19ebbeb594990602203307dc405304def2b8.png', 'https://api.edmodo.com/users/68065005/avatar?type=small&u=j79ncrf8nrsrio2zp9qh8pqa', '', 0.0, 0),
(296425, '2015-07-22 15:41:42', '2015-04-13', 'USD', 'Arthur Mitchell National Visionary ', 68065005, 'Andover Education', 0.0, 'arthur-mitchell-national-visionary,296425/', 'https://media-market.edmodo.com/media/public/09c012d48c22988b4a61ff43aed0a0a0f8bc5de6.png', 'https://api.edmodo.com/users/68065005/avatar?type=small&u=j79ncrf8nrsrio2zp9qh8pqa', '', 0.0, 0),
(296471, '2015-07-22 15:41:44', '2015-04-13', 'USD', 'Trumps Minibeasts 2', 68065005, 'Andover Education', 0.0, 'trumps-minibeasts-2,296471/', 'https://media-market.edmodo.com/media/public/3eb0a0b090d76bb263c1d00cec4cbe84cd2c27d4.png', 'https://api.edmodo.com/users/68065005/avatar?type=small&u=j79ncrf8nrsrio2zp9qh8pqa', '', 0.0, 0),
(296563, '2015-07-22 15:41:38', '2015-04-13', 'USD', 'Snowman Math Worksheet', 68065005, 'Andover Education', 0.0, 'snowman-math-worksheet,296563/', 'https://media-market.edmodo.com/media/public/88085fa09e611fc97e97241e550f63c5c2de13e2.png', 'https://api.edmodo.com/users/68065005/avatar?type=small&u=j79ncrf8nrsrio2zp9qh8pqa', '', 4.0, 1),
(296671, '2015-07-22 15:41:43', '2015-04-13', 'USD', 'Migrants and Migration', 68065005, 'Andover Education', 0.0, 'migrants-and-migration,296671/', 'https://media-market.edmodo.com/media/public/0e6c10b876508ccdbbbaf2363977e48900e18cc2.png', 'https://api.edmodo.com/users/68065005/avatar?type=small&u=j79ncrf8nrsrio2zp9qh8pqa', '', 4.0, 1),
(296733, '2015-07-22 15:41:45', '2015-04-13', 'USD', 'Mixtures Worksheet', 68065005, 'Andover Education', 0.0, 'mixtures-worksheet,296733/', 'https://media-market.edmodo.com/media/public/b068494d48bc4d591644b341b18944dc83cf8b5f.png', 'https://api.edmodo.com/users/68065005/avatar?type=small&u=j79ncrf8nrsrio2zp9qh8pqa', '', 0.0, 0),
(296739, '2015-07-22 15:41:45', '2015-04-13', 'USD', 'Gypsy Mixture', 68065005, 'Andover Education', 0.0, 'gypsy-mixture,296739/', 'https://media-market.edmodo.com/media/public/56e5b092cb67eba57923bf68f99b32cab8c0f490.png', 'https://api.edmodo.com/users/68065005/avatar?type=small&u=j79ncrf8nrsrio2zp9qh8pqa', '', 0.0, 0),
(296771, '2015-07-22 15:41:42', '2015-04-13', 'USD', 'Arthur Mitchell & Dance Theatre of Harlem', 68065005, 'Andover Education', 0.0, 'arthur-mitchell-dance-theatre-of-harlem,296771/', 'https://media-market.edmodo.com/media/public/e23cde2e9030b84b42b0d26dc15f14ef0510e6d5.png', 'https://api.edmodo.com/users/68065005/avatar?type=small&u=j79ncrf8nrsrio2zp9qh8pqa', '', 0.0, 0),
(297289, '2015-07-22 15:41:45', '2015-04-13', 'USD', 'Microorganism Crossword', 68065005, 'Andover Education', 0.0, 'microorganism-crossword,297289/', 'https://media-market.edmodo.com/media/public/1a4925c6b0c4fdf44186b925b07ce4a8be192555.png', 'https://api.edmodo.com/users/68065005/avatar?type=small&u=j79ncrf8nrsrio2zp9qh8pqa', '', 0.0, 0),
(297613, '2015-07-22 15:41:45', '2015-04-13', 'USD', 'Minimalism Reich', 68065005, 'Andover Education', 0.0, 'minimalism-reich,297613/', 'https://media-market.edmodo.com/media/public/61d23b530eb0354ddc1562b3cab37752d21d5644.png', 'https://api.edmodo.com/users/68065005/avatar?type=small&u=j79ncrf8nrsrio2zp9qh8pqa', '', 0.0, 0),
(298031, '2015-07-22 15:41:45', '2015-04-13', 'USD', 'Microgravity Accelerometers', 68065005, 'Andover Education', 0.0, 'microgravity-accelerometers,298031/', 'https://media-market.edmodo.com/media/public/47a5552f692ad39b29f4a191ea5fc88bf438b18f.png', 'https://api.edmodo.com/users/68065005/avatar?type=small&u=j79ncrf8nrsrio2zp9qh8pqa', '', 0.0, 0),
(298181, '2015-07-22 15:41:38', '2015-04-13', 'USD', 'Mattachins', 68065005, 'Andover Education', 0.0, 'mattachins,298181/', 'https://media-market.edmodo.com/media/public/d65d1a7eac7e5c10791326c4775c09e95c8a7f59.png', 'https://api.edmodo.com/users/68065005/avatar?type=small&u=j79ncrf8nrsrio2zp9qh8pqa', '', 0.0, 0),
(298267, '2015-07-22 15:41:45', '2015-04-13', 'USD', 'Minibeast Wordsearch ', 68065005, 'Andover Education', 0.0, 'minibeast-wordsearch,298267/', 'https://media-market.edmodo.com/media/public/1623d620319a6710d7016559eb2917837a6e02c2.png', 'https://api.edmodo.com/users/68065005/avatar?type=small&u=j79ncrf8nrsrio2zp9qh8pqa', '', 0.0, 0),
(298309, '2015-07-22 15:41:45', '2015-04-13', 'USD', 'Microbes Lesson 2 ', 68065005, 'Andover Education', 0.0, 'microbes-lesson-2,298309/', 'https://media-market.edmodo.com/media/public/4e4fc010294ca683d871b9a6f27327dea2f1e8de.png', 'https://api.edmodo.com/users/68065005/avatar?type=small&u=j79ncrf8nrsrio2zp9qh8pqa', '', 0.0, 0),
(298359, '2015-07-22 15:41:45', '2015-04-13', 'USD', 'Microbes Lesson 1 ', 68065005, 'Andover Education', 0.0, 'microbes-lesson-1,298359/', 'https://media-market.edmodo.com/media/public/4e435db10f296b310a8ceedae8a0358bc5dbcd8f.png', 'https://api.edmodo.com/users/68065005/avatar?type=small&u=j79ncrf8nrsrio2zp9qh8pqa', '', 0.0, 0),
(298753, '2015-07-22 15:41:42', '2015-04-13', 'USD', 'Arthur Mitchell Dance Glossary', 68065005, 'Andover Education', 0.0, 'arthur-mitchell-dance-glossary,298753/', 'https://media-market.edmodo.com/media/public/f803c422811c237197be7a7ee5f44b8dbf1f2455.png', 'https://api.edmodo.com/users/68065005/avatar?type=small&u=j79ncrf8nrsrio2zp9qh8pqa', '', 0.0, 0),
(298757, '2015-07-22 15:41:42', '2015-04-13', 'USD', 'Arthur Mitchell', 68065005, 'Andover Education', 0.0, 'arthur-mitchell,298757/', 'https://media-market.edmodo.com/media/public/a5879edd1724e0d921007c29f0cb58a0c7ac3fc3.png', 'https://api.edmodo.com/users/68065005/avatar?type=small&u=j79ncrf8nrsrio2zp9qh8pqa', '', 0.0, 0),
(300393, '2015-07-22 15:41:43', '2015-04-13', 'USD', 'Mixtures Worksheet', 68065005, 'Andover Education', 0.0, 'mixtures-worksheet,300393/', 'https://media-market.edmodo.com/media/public/e9a4a2fdb1f568c24a1bed5ed649346e38846e89.png', 'https://api.edmodo.com/users/68065005/avatar?type=small&u=j79ncrf8nrsrio2zp9qh8pqa', '', 0.0, 0),
(301115, '2015-07-22 15:41:43', '2015-04-13', 'USD', 'Minimalism Dominoes', 68065005, 'Andover Education', 0.0, 'minimalism-dominoes,301115/', 'https://media-market.edmodo.com/media/public/5f7e2204e87c1415bd9c4de25bb15883321cf88c.png', 'https://api.edmodo.com/users/68065005/avatar?type=small&u=j79ncrf8nrsrio2zp9qh8pqa', '', 0.0, 0),
(301301, '2015-07-22 15:41:38', '2015-04-13', 'USD', 'Matching ', 68065005, 'Andover Education', 0.0, 'matching,301301/', 'https://media-market.edmodo.com/media/public/59713c4f46931709cf0ae53a2f157a0dd4d9f269.png', 'https://api.edmodo.com/users/68065005/avatar?type=small&u=j79ncrf8nrsrio2zp9qh8pqa', '', 3.0, 1),
(301383, '2015-07-22 15:41:41', '2015-04-13', 'USD', 'Mitosis Cut and Stick ', 68065005, 'Andover Education', 0.0, 'mitosis-cut-and-stick,301383/', 'https://media-market.edmodo.com/media/public/50151cf93ed3e33a0e45c6eaf320f5fa6575f17d.png', 'https://api.edmodo.com/users/68065005/avatar?type=small&u=j79ncrf8nrsrio2zp9qh8pqa', '', 4.0, 4),
(301631, '2015-07-22 15:41:43', '2015-04-13', 'USD', 'Mamma Mia', 68065005, 'Andover Education', 0.0, 'mamma-mia,301631/', 'https://media-market.edmodo.com/media/public/00b939c15258af7b328dd9fdcc67d4161da68678.png', 'https://api.edmodo.com/users/68065005/avatar?type=small&u=j79ncrf8nrsrio2zp9qh8pqa', '', 0.0, 0),
(302043, '2015-07-22 15:41:49', '2015-04-13', 'USD', 'Mole Fraction', 68065005, 'Andover Education', 0.0, 'mole-fraction,302043/', 'https://media-market.edmodo.com/media/public/5c11805e184861e13b919c2f954c92a507fc9a5a.png', 'https://api.edmodo.com/users/68065005/avatar?type=small&u=j79ncrf8nrsrio2zp9qh8pqa', '', 0.0, 0),
(302127, '2015-07-22 15:41:43', '2015-04-13', 'USD', 'Mixtures Evaluation', 68065005, 'Andover Education', 0.0, 'mixtures-evaluation,302127/', 'https://media-market.edmodo.com/media/public/7de735fd022e2239e2ac39d9678b21efec35d9ca.png', 'https://api.edmodo.com/users/68065005/avatar?type=small&u=j79ncrf8nrsrio2zp9qh8pqa', '', 0.0, 0),
(302369, '2015-07-22 15:41:43', '2015-04-13', 'USD', 'Minimalism Intro', 68065005, 'Andover Education', 0.0, 'minimalism-intro,302369/', 'https://media-market.edmodo.com/media/public/3622063abcd64cd4ca9d33c68ca958975f941b3f.png', 'https://api.edmodo.com/users/68065005/avatar?type=small&u=j79ncrf8nrsrio2zp9qh8pqa', '', 0.0, 0),
(302615, '2015-07-22 15:41:42', '2015-04-13', 'USD', 'Microorganisms', 68065005, 'Andover Education', 0.0, 'microorganisms,302615/', 'https://media-market.edmodo.com/media/public/9f3d3a45c4f24fdd01abf33779d89b7d06fe1f9f.png', 'https://api.edmodo.com/users/68065005/avatar?type=small&u=j79ncrf8nrsrio2zp9qh8pqa', '', 0.0, 0),
(303041, '2015-07-22 15:41:43', '2015-04-13', 'USD', 'Separating Mixtures', 68065005, 'Andover Education', 0.0, 'separating-mixtures,303041/', 'https://media-market.edmodo.com/media/public/d99a1bb6e274da099de95537e5e035a14168c6db.png', 'https://api.edmodo.com/users/68065005/avatar?type=small&u=j79ncrf8nrsrio2zp9qh8pqa', '', 4.0, 2),
(303621, '2015-07-22 15:41:43', '2015-04-13', 'USD', 'Examining Minimalism', 68065005, 'Andover Education', 0.0, 'examining-minimalism,303621/', 'https://media-market.edmodo.com/media/public/1296510dde0976eac6d43aa77ab467168384001b.png', 'https://api.edmodo.com/users/68065005/avatar?type=small&u=j79ncrf8nrsrio2zp9qh8pqa', '', 0.0, 0),
(303657, '2015-07-22 15:41:43', '2015-04-13', 'USD', 'Minimalism Background', 68065005, 'Andover Education', 0.0, 'minimalism-background,303657/', 'https://media-market.edmodo.com/media/public/480a3a9d4d7d5acd0175f837b0709db9176e7b76.png', 'https://api.edmodo.com/users/68065005/avatar?type=small&u=j79ncrf8nrsrio2zp9qh8pqa', '', 0.0, 0),
(303919, '2015-07-22 15:41:44', '2015-04-13', 'USD', 'Labeling a Miner', 68065005, 'Andover Education', 0.0, 'labeling-a-miner,303919/', 'https://media-market.edmodo.com/media/public/7c5b58b5f2899e57ce551f511827c382aa5f7750.png', 'https://api.edmodo.com/users/68065005/avatar?type=small&u=j79ncrf8nrsrio2zp9qh8pqa', '', 0.0, 0),
(304737, '2015-07-22 15:41:42', '2015-04-13', 'USD', 'Mixtures', 68065005, 'Andover Education', 0.0, 'mixtures,304737/', 'https://media-market.edmodo.com/media/public/8b174639c0055dc4cac8c9197cdc64dc89a389d2.png', 'https://api.edmodo.com/users/68065005/avatar?type=small&u=j79ncrf8nrsrio2zp9qh8pqa', '', 4.0, 1),
(305189, '2015-07-22 15:41:44', '2015-04-13', 'USD', 'Miners Strike:Facts', 68065005, 'Andover Education', 0.0, 'miners-strikefacts,305189/', 'https://media-market.edmodo.com/media/public/1ea7587e6c439c6429b947758c8955554938f354.png', 'https://api.edmodo.com/users/68065005/avatar?type=small&u=j79ncrf8nrsrio2zp9qh8pqa', '', 0.0, 0),
(306971, '2015-07-22 15:41:36', '2015-04-13', 'USD', 'math', 68065005, 'Andover Education', 0.0, 'math,306971/', 'https://media-market.edmodo.com/media/public/3022362eb875aa85bb2b97a049e6c7a8ea2b3399.png', 'https://api.edmodo.com/users/68065005/avatar?type=small&u=j79ncrf8nrsrio2zp9qh8pqa', '', 0.0, 0),
(307237, '2015-07-22 15:41:50', '2015-04-13', 'USD', 'Integration using Partial Fractions', 68065005, 'Andover Education', 0.0, 'integration-using-partial-fractions,307237/', 'https://media-market.edmodo.com/media/public/93fd0e3d9d00de6fcca2693d36ee41989a9ca6c1.png', 'https://api.edmodo.com/users/68065005/avatar?type=small&u=j79ncrf8nrsrio2zp9qh8pqa', '', 4.0, 1),
(307309, '2015-07-22 15:41:38', '2015-04-13', 'USD', 'Further Maths Integration Mix', 68065005, 'Andover Education', 0.0, 'further-maths-integration-mix,307309/', 'https://media-market.edmodo.com/media/public/b3368ea7daebbf0502bbcf3a0920aed15175cd02.png', 'https://api.edmodo.com/users/68065005/avatar?type=small&u=j79ncrf8nrsrio2zp9qh8pqa', '', 3.0, 1),
(308249, '2015-07-22 15:41:50', '2015-04-13', 'USD', 'Adding and Subtracting Fractions', 68065005, 'Andover Education', 0.0, 'adding-and-subtracting-fractions,308249/', 'https://media-market.edmodo.com/media/public/2a440dc6ca41567e898918ce23ffd1be5a0d31d0.png', 'https://api.edmodo.com/users/68065005/avatar?type=small&u=j79ncrf8nrsrio2zp9qh8pqa', '', 4.0, 1),
(308701, '2015-07-22 15:41:44', '2015-04-13', 'USD', 'Microorganisms Lesson', 68065005, 'Andover Education', 0.0, 'microorganisms-lesson,308701/', 'https://media-market.edmodo.com/media/public/508c7e7a4aa41aa3aaf53b475b28c0a0760bb573.png', 'https://api.edmodo.com/users/68065005/avatar?type=small&u=j79ncrf8nrsrio2zp9qh8pqa', '', 5.0, 1),
(308965, '2015-07-22 15:41:36', '2015-04-13', 'USD', 'Math Exercise ', 68065005, 'Andover Education', 0.0, 'math-exercise,308965/', 'https://media-market.edmodo.com/media/public/fa469d9bf75773392e3569a6a10aefccf1d952c2.png', 'https://api.edmodo.com/users/68065005/avatar?type=small&u=j79ncrf8nrsrio2zp9qh8pqa', '', 4.0, 1),
(309037, '2015-07-22 15:41:41', '2015-04-13', 'USD', 'Mixed Up Mitosis', 68065005, 'Andover Education', 0.0, 'mixed-up-mitosis,309037/', 'https://media-market.edmodo.com/media/public/f508ff23813a90d146757b431baffd67e5928f49.png', 'https://api.edmodo.com/users/68065005/avatar?type=small&u=j79ncrf8nrsrio2zp9qh8pqa', '', 5.0, 1),
(309133, '2015-07-22 15:41:41', '2015-04-13', 'USD', 'Mitosis and Cell Cycle', 68065005, 'Andover Education', 0.0, 'mitosis-and-cell-cycle,309133/', 'https://media-market.edmodo.com/media/public/2e8493f4fd27012bfe4a290def507497f0be3b67.png', 'https://api.edmodo.com/users/68065005/avatar?type=small&u=j79ncrf8nrsrio2zp9qh8pqa', '', 5.0, 1),
(309171, '2015-07-22 15:41:41', '2015-04-13', 'USD', 'Mitosis vs Meiosis Card Sort', 68065005, 'Andover Education', 0.0, 'mitosis-vs-meiosis-card-sort,309171/', 'https://media-market.edmodo.com/media/public/1ff82e69fcf3a502538c78b7dade6f901defe7bd.png', 'https://api.edmodo.com/users/68065005/avatar?type=small&u=j79ncrf8nrsrio2zp9qh8pqa', '', 4.0, 1),
(309271, '2015-07-22 15:41:48', '2015-04-13', 'USD', 'Comparing Fractions', 68065005, 'Andover Education', 0.0, 'comparing-fractions,309271/', 'https://media-market.edmodo.com/media/public/96f3dee27c5a7030e3fb023c73ae71ea9b2eaa68.png', 'https://api.edmodo.com/users/68065005/avatar?type=small&u=j79ncrf8nrsrio2zp9qh8pqa', '', 0.0, 0),
(309377, '2015-07-22 15:41:44', '2015-04-13', 'USD', 'Microbiology catchphrase', 68065005, 'Andover Education', 0.0, 'microbiology-catchphrase,309377/', 'https://media-market.edmodo.com/media/public/870a5adc2d8cd65b815e9f335ba597376152be67.png', 'https://api.edmodo.com/users/68065005/avatar?type=small&u=j79ncrf8nrsrio2zp9qh8pqa', '', 5.0, 1),
(309479, '2015-07-22 15:41:50', '2015-04-13', 'USD', 'Multiplying and Dividing Fractions', 68065005, 'Andover Education', 0.0, 'multiplying-and-dividing-fractions,309479/', 'https://media-market.edmodo.com/media/public/79dc6ead4e1fed17d6581aa6a31238fb12b2eac9.png', 'https://api.edmodo.com/users/68065005/avatar?type=small&u=j79ncrf8nrsrio2zp9qh8pqa', '', 5.0, 1),
(309491, '2015-07-22 15:41:50', '2015-04-13', 'USD', 'Converting Fractions and Decimals', 68065005, 'Andover Education', 0.0, 'converting-fractions-and-decimals,309491/', 'https://media-market.edmodo.com/media/public/68db16772e74e8f00ce3dfdde542aa25bcd9b57d.png', 'https://api.edmodo.com/users/68065005/avatar?type=small&u=j79ncrf8nrsrio2zp9qh8pqa', '', 4.0, 1),
(309735, '2015-07-22 15:41:49', '2015-04-13', 'USD', 'Cell Fractionation', 68065005, 'Andover Education', 0.0, 'cell-fractionation,309735/', 'https://media-market.edmodo.com/media/public/21490043edde9213c490e6c2d3a316c51f66fbb5.png', 'https://api.edmodo.com/users/68065005/avatar?type=small&u=j79ncrf8nrsrio2zp9qh8pqa', '', 5.0, 1),
(309951, '2015-07-22 15:41:45', '2015-04-13', 'USD', 'Midpoint Formula', 68065005, 'Andover Education', 0.0, 'midpoint-formula,309951/', 'https://media-market.edmodo.com/media/public/c548b839329c6b52de8a42dbb487dabc9112be93.png', 'https://api.edmodo.com/users/68065005/avatar?type=small&u=j79ncrf8nrsrio2zp9qh8pqa', '', 0.0, 0),
(310367, '2015-07-22 15:41:42', '2015-04-13', 'USD', 'Microscopy', 68065005, 'Andover Education', 0.0, 'microscopy,310367/', 'https://media-market.edmodo.com/media/public/54edc4319e095656dd21e0ccd1cc29adb4af49cf.png', 'https://api.edmodo.com/users/68065005/avatar?type=small&u=j79ncrf8nrsrio2zp9qh8pqa', '', 4.0, 3),
(310663, '2015-07-22 15:41:45', '2015-04-13', 'USD', 'Interdependence Millionaire ', 68065005, 'Andover Education', 0.0, 'interdependence-millionaire,310663/', 'https://media-market.edmodo.com/media/public/8c9112eed34ca40dcad1d48011e605c8ff05d94a.png', 'https://api.edmodo.com/users/68065005/avatar?type=small&u=j79ncrf8nrsrio2zp9qh8pqa', '', 0.0, 0),
(310887, '2015-07-22 15:41:45', '2015-04-13', 'USD', 'Microfinance Challenge', 68065005, 'Andover Education', 0.0, 'microfinance-challenge,310887/', 'https://media-market.edmodo.com/media/public/662bb9cbde2163be4b21640ed87b44c92e7ae566.png', 'https://api.edmodo.com/users/68065005/avatar?type=small&u=j79ncrf8nrsrio2zp9qh8pqa', '', 0.0, 0),
(311421, '2015-07-22 15:41:41', '2015-04-13', 'USD', 'Meiosis and Mitosis', 68065005, 'Andover Education', 0.0, 'meiosis-and-mitosis,311421/', 'https://media-market.edmodo.com/media/public/537a2faf21ffd70c5abaa16295660c2470d79356.png', 'https://api.edmodo.com/users/68065005/avatar?type=small&u=j79ncrf8nrsrio2zp9qh8pqa', '', 4.0, 1),
(311431, '2015-07-22 15:41:41', '2015-04-13', 'USD', 'Mitosis Cut n Stick', 68065005, 'Andover Education', 0.0, 'mitosis-cut-n-stick,311431/', 'https://media-market.edmodo.com/media/public/58187376652aedf32a328dbe5c4da4188690655a.png', 'https://api.edmodo.com/users/68065005/avatar?type=small&u=j79ncrf8nrsrio2zp9qh8pqa', '', 0.0, 0),
(311441, '2015-07-22 15:41:41', '2015-04-13', 'USD', 'Mitosis Lesson', 68065005, 'Andover Education', 0.0, 'mitosis-lesson,311441/', 'https://media-market.edmodo.com/media/public/14d7dc9529eb395ea2dbc0b604a31dbcfc9a7dc0.png', 'https://api.edmodo.com/users/68065005/avatar?type=small&u=j79ncrf8nrsrio2zp9qh8pqa', '', 4.0, 1),
(311445, '2015-07-22 15:41:41', '2015-04-13', 'USD', 'Mitosis Crossword', 68065005, 'Andover Education', 0.0, 'mitosis-crossword,311445/', 'https://media-market.edmodo.com/media/public/d1814986d4e49865b9a6320a7bdaa632e9b39dc3.png', 'https://api.edmodo.com/users/68065005/avatar?type=small&u=j79ncrf8nrsrio2zp9qh8pqa', '', 5.0, 1),
(311635, '2015-07-22 15:41:41', '2015-04-13', 'USD', 'Mitosis: Cell Division', 68065005, 'Andover Education', 0.0, 'mitosis-cell-division,311635/', 'https://media-market.edmodo.com/media/public/964ee02b97df1af8b75ac96bf85299e12d954bc9.png', 'https://api.edmodo.com/users/68065005/avatar?type=small&u=j79ncrf8nrsrio2zp9qh8pqa', '', 0.0, 0),
(311791, '2015-07-22 15:41:41', '2015-04-13', 'USD', 'Stages of Mitosis', 68065005, 'Andover Education', 0.0, 'stages-of-mitosis,311791/', 'https://media-market.edmodo.com/media/public/2f61143f33fb7ec973f60e1bcc30e4f1bcc6a44f.png', 'https://api.edmodo.com/users/68065005/avatar?type=small&u=j79ncrf8nrsrio2zp9qh8pqa', '', 0.0, 0),
(311843, '2015-07-22 15:41:37', '2015-04-13', 'USD', 'Mathematical Pictionary', 68065005, 'Andover Education', 0.0, 'mathematical-pictionary,311843/', 'https://media-market.edmodo.com/media/public/e0f0ba155a27183b42f036809c44948f0ae114a2.png', 'https://api.edmodo.com/users/68065005/avatar?type=small&u=j79ncrf8nrsrio2zp9qh8pqa', '', 0.0, 0),
(312031, '2015-07-22 15:41:43', '2015-04-13', 'USD', 'Microscopes', 68065005, 'Andover Education', 0.0, 'microscopes,312031/', 'https://media-market.edmodo.com/media/public/fb9f8640875e43f520877a94cf5bc46ee85d847e.png', 'https://api.edmodo.com/users/68065005/avatar?type=small&u=j79ncrf8nrsrio2zp9qh8pqa', '', 0.0, 0),
(313387, '2015-07-22 15:41:41', '2015-04-13', 'USD', 'Mitosis vs Meiosis', 68065005, 'Andover Education', 0.0, 'mitosis-vs-meiosis,313387/', 'https://media-market.edmodo.com/media/public/53eba63eae3d2a0dcc664b87423e73f29ec48472.png', 'https://api.edmodo.com/users/68065005/avatar?type=small&u=j79ncrf8nrsrio2zp9qh8pqa', '', 4.0, 1),
(313941, '2015-07-22 15:41:43', '2015-04-13', 'USD', 'Minimalism', 68065005, 'Andover Education', 0.0, 'minimalism,313941/', 'https://media-market.edmodo.com/media/public/0770dc55d3a9efca788eb4ab6c2d6816b1ed0f77.png', 'https://api.edmodo.com/users/68065005/avatar?type=small&u=j79ncrf8nrsrio2zp9qh8pqa', '', 0.0, 0),
(314413, '2015-07-22 15:41:42', '2015-04-13', 'USD', 'Difference Between Mitosis and Meiosis ', 68065005, 'Andover Education', 0.0, 'difference-between-mitosis-and-meiosis,314413/', 'https://media-market.edmodo.com/media/public/13b499546c95cc8679674bc571290f41ec0c5f89.png', 'https://api.edmodo.com/users/68065005/avatar?type=small&u=j79ncrf8nrsrio2zp9qh8pqa', '', 5.0, 1),
(315075, '2015-07-22 15:41:42', '2015-04-13', 'USD', 'Ribosomes and Mitochondria Lesson Plan', 68065005, 'Andover Education', 0.0, 'ribosomes-and-mitochondria-lesson-plan,315075/', 'https://media-market.edmodo.com/media/public/d3c8feb1624ed5bf371b636402f0a37fc67bf564.png', 'https://api.edmodo.com/users/68065005/avatar?type=small&u=j79ncrf8nrsrio2zp9qh8pqa', '', 5.0, 2),
(315161, '2015-07-22 15:41:41', '2015-04-13', 'USD', 'Mitosis and Cytokinesis Lesson Plan', 68065005, 'Andover Education', 0.0, 'mitosis-and-cytokinesis-lesson-plan,315161/', 'https://media-market.edmodo.com/media/public/c0d3dd531d594acf4bfe677c2a1cd16c57257a10.png', 'https://api.edmodo.com/users/68065005/avatar?type=small&u=j79ncrf8nrsrio2zp9qh8pqa', '', 0.0, 0),
(315497, '2015-07-22 15:41:48', '2015-04-13', 'USD', 'Fractions_Basic_Practice', 68065005, 'Andover Education', 0.0, 'fractions_basic_practice,315497/', 'https://media-market.edmodo.com/media/public/ad195a5a7c998e8a59ce863297654b37174c3ba6.png', 'https://api.edmodo.com/users/68065005/avatar?type=small&u=j79ncrf8nrsrio2zp9qh8pqa', '', 5.0, 3),
(315753, '2015-07-22 15:41:39', '2015-04-13', 'USD', 'Christmas Maths Facts', 68065005, 'Andover Education', 0.0, 'christmas-maths-facts,315753/', 'https://media-market.edmodo.com/media/public/8f173744bc795ecbe55ab9a75d3f75c2f37eb496.png', 'https://api.edmodo.com/users/68065005/avatar?type=small&u=j79ncrf8nrsrio2zp9qh8pqa', '', 4.0, 1),
(315755, '2015-07-22 15:41:39', '2015-04-13', 'USD', 'Christmas Maths Facts 2', 68065005, 'Andover Education', 0.0, 'christmas-maths-facts-2,315755/', 'https://media-market.edmodo.com/media/public/bbd4f517f773ecca75f9a10ba1a278604b3b3ec7.png', 'https://api.edmodo.com/users/68065005/avatar?type=small&u=j79ncrf8nrsrio2zp9qh8pqa', '', 0.0, 0),
(316033, '2015-07-22 15:41:45', '2015-04-13', 'USD', 'DNA Mistakes', 68065005, 'Andover Education', 0.0, 'dna-mistakes,316033/', 'https://media-market.edmodo.com/media/public/6b846515a46a662af310e8e50d9625c3c10b3ad1.png', 'https://api.edmodo.com/users/68065005/avatar?type=small&u=j79ncrf8nrsrio2zp9qh8pqa', '', 0.0, 0),
(316087, '2015-07-22 15:41:41', '2015-04-13', 'USD', 'Mitosis and Cytokinesis', 68065005, 'Andover Education', 0.0, 'mitosis-and-cytokinesis,316087/', 'https://media-market.edmodo.com/media/public/5a1d620d07a5d7482c466f0e812af1f91fb1e5e4.png', 'https://api.edmodo.com/users/68065005/avatar?type=small&u=j79ncrf8nrsrio2zp9qh8pqa', '', 0.0, 0),
(317157, '2015-07-22 15:41:41', '2015-04-13', 'USD', 'Mitosis -0', 68065005, 'Andover Education', 0.0, 'mitosis-0,317157/', 'https://media-market.edmodo.com/media/public/1d65fd1f0136ef5e241d06ca3440ac64a73d369d.png', 'https://api.edmodo.com/users/68065005/avatar?type=small&u=j79ncrf8nrsrio2zp9qh8pqa', '', 0.0, 0),
(317159, '2015-07-22 15:41:41', '2015-04-13', 'USD', 'Mitosis and Meiosis -0', 68065005, 'Andover Education', 0.0, 'mitosis-and-meiosis-0,317159/', 'https://media-market.edmodo.com/media/public/d9b3b4af99e4efcf0a3f085e0d0f1d6cbabfb7e7.png', 'https://api.edmodo.com/users/68065005/avatar?type=small&u=j79ncrf8nrsrio2zp9qh8pqa', '', 0.0, 0),
(317163, '2015-07-22 15:41:41', '2015-04-13', 'USD', 'Mitosis and Meiosis', 68065005, 'Andover Education', 0.0, 'mitosis-and-meiosis,317163/', 'https://media-market.edmodo.com/media/public/202e28c8ad2e33b77d0870beb850198189838111.png', 'https://api.edmodo.com/users/68065005/avatar?type=small&u=j79ncrf8nrsrio2zp9qh8pqa', '', 0.0, 0),
(317401, '2015-07-22 15:41:39', '2015-04-13', 'USD', 'Math for Biologists', 68065005, 'Andover Education', 0.0, 'math-for-biologists,317401/', 'https://media-market.edmodo.com/media/public/a6915d75ca4e0b39f294b53f085d86009f0db5b4.png', 'https://api.edmodo.com/users/68065005/avatar?type=small&u=j79ncrf8nrsrio2zp9qh8pqa', '', 3.0, 1),
(317781, '2015-07-22 15:41:39', '2015-04-13', 'USD', 'Sleep by Annie Matheson  ', 68065005, 'Andover Education', 0.0, 'sleep-by-annie-matheson,317781/', 'https://media-market.edmodo.com/media/public/2831bb66ca4a8c1eefa69554c5cb6bf96e1edc13.png', 'https://api.edmodo.com/users/68065005/avatar?type=small&u=j79ncrf8nrsrio2zp9qh8pqa', '', 0.0, 0),
(318125, '2015-07-22 15:41:39', '2015-04-13', 'USD', 'Math Fact Sorting', 68065005, 'Andover Education', 0.0, 'math-fact-sorting,318125/', 'https://media-market.edmodo.com/media/public/72485fd7313b8139021e8be9dfb33f453af5349d.png', 'https://api.edmodo.com/users/68065005/avatar?type=small&u=j79ncrf8nrsrio2zp9qh8pqa', '', 5.0, 2),
(318333, '2015-07-22 15:41:39', '2015-04-13', 'USD', 'Ms. Lambert''s Math Portaportal', 8050260, 'Kim', 0.0, 'ms-lamberts-math-portaportal,318333/', 'https://spotlight.edmodo.com/static/img/subject_39.jpg', 'https://api.edmodo.com/users/8050260/avatar?type=small&u=9jlit48n44lvnn6e2nckiq4sz', 'A collection of useful bookmarks, categorized by topic.  It makes things a bit easier to share helpful sites with students.', 0.0, 0),
(318335, '2015-07-22 15:41:39', '2015-04-13', 'USD', 'My Math Sites & Games', 8050260, 'Kim', 0.0, 'my-math-sites-games,318335/', 'https://spotlight.edmodo.com/static/img/subject_39.jpg', 'https://api.edmodo.com/users/8050260/avatar?type=small&u=9jlit48n44lvnn6e2nckiq4sz', 'A Google Doc I share with my students to help them easily keep track of the sites most frequently used in class as well as their non-sensitive account information for those that I set up for them.', 4.0, 1),
(318451, '2015-07-22 15:41:42', '2015-04-17', 'USD', 'MinecraftEdu', 19104318, 'Tony', 0.0, 'minecraftedu,318451/', 'https://media-market.edmodo.com/media/public/9035035164db0427991dea8170eae82961e557ff.png', 'https://api.edmodo.com/users/19104318/avatar?type=small&u=2791m1g585fkq3z3h70ygeqz2', 'MinecraftEdu is a school-ready remix of the original smash hit game Minecraft. Minecraft Education Edition - Bring Minecraft to the Classroom! ', 0.0, 0),
(318619, '2015-07-22 15:41:42', '2015-04-22', 'USD', 'All About Mitosis and Meiosis: Life Science (Science Readers)', 71136387, 'Amazon Inc.', 8.0, 'all-about-mitosis-and-meiosis-life-science-science-readers,318619/', 'http://ecx.images-amazon.com/images/I/51-M8V%2BP9EL.jpg', 'https://api.edmodo.com/users/71136387/avatar?type=small&u=8b1bjlb2w1asrkbf4uef1ihfy', 'Many organisms are multicellular, which means they have many cells-even trillions! The cells work together to help the organism do things such as create energy, reproduce, and get rid of waste.', 3.0, 1),
(318621, '2015-07-22 15:41:42', '2015-04-22', 'USD', 'Looking Inside Cells: Life Science (Science Readers)', 71136387, 'Amazon Inc.', 8.0, 'looking-inside-cells-life-science-science-readers,318621/', 'http://ecx.images-amazon.com/images/I/51MEGxc7HuL.jpg', 'https://api.edmodo.com/users/71136387/avatar?type=small&u=8b1bjlb2w1asrkbf4uef1ihfy', 'Cells are the building blocks of life. According to Cell Theory, all living things are made of cells cells are the basic unit of life and all cells come from other cells. The nucleus of a cell has chromosomes made of DNA, which make each individual unique.', 3.0, 1),
(318771, '2015-07-22 15:41:36', '2015-04-24', 'USD', 'Mathematical Cavalcade', 71136387, 'Amazon Inc.', 18.0, 'mathematical-cavalcade,318771/', 'http://ecx.images-amazon.com/images/I/51gCJ969slL.jpg', 'https://api.edmodo.com/users/71136387/avatar?type=small&u=8b1bjlb2w1asrkbf4uef1ihfy', 'Mathematical Cavalcade follows the very successful Amazing Mathematical Amusement Arcade and The Mathematical Funfair by the same author. It contains a further 131 puzzles to challenge people of all ages. Hints and solutions are given in a commentary at the back of the book.', 3.8, 20),
(319369, '2015-07-22 15:41:39', '2015-04-30', 'USD', '5-12 Math Spinner ', 6940966, 'Sarah', 0.0, '5-12-math-spinner,319369/', 'https://media-market.edmodo.com/media/public/d0fdc60a44946ec50471e33e52b4fc26bd6211f1.png', 'https://api.edmodo.com/users/6940966/avatar?type=small&u=5dyvsgvq6j9f499v9nxmyti34', 'Challenge students to use picture representations on a spinner for a math game.', 5.0, 1);
INSERT INTO `spotlight_apps` (`id`, `updated_at`, `creation_date`, `currency`, `title`, `owner_id`, `owner_name`, `price`, `url`, `img_path`, `seller_thumb_url`, `long_desc`, `avg_rating`, `num_raters`) VALUES
(319375, '2015-07-22 15:41:39', '2015-04-30', 'USD', 'Turkey Trot Math Game', 6940966, 'Sarah', 0.0, 'turkey-trot-math-game,319375/', 'https://media-market.edmodo.com/media/public/1414ed48e895b9be19730663cec3185bfb5b583c.png', 'https://api.edmodo.com/users/6940966/avatar?type=small&u=5dyvsgvq6j9f499v9nxmyti34', 'A math game to practice addition and subtraction.    Roll 3 dice, add the 2 highest and then subtract the lowest from that number.  Cover up the answer on your game board.', 5.0, 1),
(319377, '2015-07-22 15:41:39', '2015-04-30', 'USD', 'Valentine Math Game', 6940966, 'Sarah', 0.0, 'valentine-math-game,319377/', 'https://media-market.edmodo.com/media/public/ba1d1fa999270b5e50c469af217c77fec60c3c16.png', 'https://api.edmodo.com/users/6940966/avatar?type=small&u=5dyvsgvq6j9f499v9nxmyti34', 'Students will practice basic math facts using addition and subtraction. Students will cover the answer on their game board.  First one done is the winner!', 5.0, 2),
(319379, '2015-07-22 15:41:39', '2015-04-30', 'USD', 'Easter Themed Math Game', 6940966, 'Sarah', 0.0, 'easter-themed-math-game,319379/', 'https://media-market.edmodo.com/media/public/f01f4d008e7df1fd58ec5eacc85908e8eae1885f.png', 'https://api.edmodo.com/users/6940966/avatar?type=small&u=5dyvsgvq6j9f499v9nxmyti34', 'Students will practice basic addition and subtraction with this Easter themed game.  Students will roll 3 dice, add the 2 highest numbers and then subtract the lowest number from that total.  Student will place a game piece on their number.  1st one done is the winner!', 5.0, 1),
(319381, '2015-07-22 15:41:39', '2015-04-30', 'USD', 'Halloween Haunt Math Game', 6940966, 'Sarah', 0.0, 'halloween-haunt-math-game,319381/', 'https://media-market.edmodo.com/media/public/e5ccb95aa6bdaa12ce435152a773c1473c8f1bdb.png', 'https://api.edmodo.com/users/6940966/avatar?type=small&u=5dyvsgvq6j9f499v9nxmyti34', 'Students will practice basic addition and subtraction facts with this math cover up game.  Rules are on the game board.', 5.0, 1),
(319537, '2015-07-22 15:41:39', '2015-05-05', 'USD', 'Holiday Recipe Math Project', 7796571, 'Heidi', 0.0, 'holiday-recipe-math-project,319537/', 'https://media-market.edmodo.com/media/public/e443308e4711afb3e6ed979929136ece503ca234.png', 'https://api.edmodo.com/users/7796571/avatar?type=small&u=5rhcbil0s30wedlxf2hc8elyu', 'Math is best learned in real life situations. This project puts students into the real life situation of making a holiday recipe. Students create a food budget and a timeline. While working on problem solving and creative thinking, students also work on rounding, addition and elapsed time. A simple grading rubric has been built in to give students guidance and feedback. Working as individuals, or as groups, this project is sure to get students'' minds working.\n\nStudents need to find their own holiday recipe to use with this project. You may choose to use this as a time to involve families. You may also choose to assign recipes from the Holiday Cookbook for Kids that was created by a group of teacher bloggers from around the world.\n\nCreated by Heidi Raki of Raki''s Rad Resources. Find more ideas and products by following the Raki''s Rad Resources blog - www.rakisradresources.com', 0.0, 0),
(319539, '2015-07-22 15:41:39', '2015-05-05', 'USD', 'Balanced Checkbook Math Project', 7796571, 'Heidi', 4.8, 'balanced-checkbook-math-project,319539/', 'https://media-market.edmodo.com/media/public/b86d269e692b440614e0dc1d57929e9e47c39c34.png', 'https://api.edmodo.com/users/7796571/avatar?type=small&u=5rhcbil0s30wedlxf2hc8elyu', 'Math is best learned in real life situations. This project puts students into the real life situation of balancing a checkbook, paying bills on a set budget and determining the importance of certain luxuries, as well as saving for unexpected emergencies. While working on problem solving and creative thinking, students also work on division, addition, subtraction and estimation. A simple grading rubric has been built in to give students guidance and feedback. Working as individuals, or as groups, this project is sure to get students'' minds working.\n\nCreated by Heidi Raki of Raki''s Rad Resources. Find more ideas and products by following the Raki''s Rad Resources blog - www.rakisradresources.com', 4.8, 4),
(319543, '2015-07-22 15:41:39', '2015-05-05', 'USD', 'Party Planner Math Project', 7796571, 'Heidi', 4.8, 'party-planner-math-project,319543/', 'https://media-market.edmodo.com/media/public/525091303dcb12f615df2e10a68f23bcb2b42721.png', 'https://api.edmodo.com/users/7796571/avatar?type=small&u=5rhcbil0s30wedlxf2hc8elyu', 'Math is best learned in real life situations. This project puts students into the real life situation of planning a party, including doubling and halving recipes, creating a grocery list and determining budgets for food, decorations and venue. While working on problem solving and creative thinking, students also work on division, addition, subtraction and estimation. There are two versions of this project. Version A asks students to half and double ingredients when planning their recipes. Version B asks students to quarter, half, double and triple ingredients when planning their recipes. Choose one version for your class, or give stronger students the more challenging version. A simple grading rubric has been built in to give students guidance and feedback. Working as individuals, or as groups, this project is sure to get students'' minds working.\n\nCreated by Heidi Raki of Raki''s Rad Resources. Find more ideas and products by following the Raki''s Rad Resources blog - www.rakisradresources.com', 4.5, 4),
(319547, '2015-07-22 15:41:39', '2015-05-05', 'USD', 'Holiday Shopping Math Project', 7796571, 'Heidi', 4.8, 'holiday-shopping-math-project,319547/', 'https://media-market.edmodo.com/media/public/79688dc36c1a7c082ba8cd54c78524eb52a86185.png', 'https://api.edmodo.com/users/7796571/avatar?type=small&u=5rhcbil0s30wedlxf2hc8elyu', 'Math is best learned in real life situations. This projects puts students into the real life situation of budgeting for holiday spending. It focuses on the skills of addition, subtraction and estimation (rounding). It is a great in class project, but can also be sent home over a holiday break. Includes grading rubric. \n\nCreated by Heidi Raki of Raki''s Rad Resources. Find more ideas and products by following the Raki''s Rad Resources blog - www.rakisradresources.com', 4.8, 6),
(319695, '2015-07-22 15:41:39', '2015-05-07', 'USD', 'Mathematics Meets Technology', 71136387, 'Amazon Inc.', 28.0, 'mathematics-meets-technology,319695/', 'http://ecx.images-amazon.com/images/I/51%2Bk2Wf5MKL.jpg', 'https://api.edmodo.com/users/71136387/avatar?type=small&u=8b1bjlb2w1asrkbf4uef1ihfy', 'A resource book which looks at the design of mechanisms, for example gears and linkages, through the eyes of a mathematician. There are a wide variety of examples including car steering, anglepoise lamps, bicycles, cine cameras, folding push chairs and the design of robots. Readers are encouraged to make models throughout and to look for further examples in everyday life. Suitable for GCSE, A level, and mathematics technology engineering courses in Further Education.', 4.0, 2),
(319929, '2015-07-22 15:41:39', '2015-05-08', 'USD', 'Spectrum Math, Grade K', 71136387, 'Amazon Inc.', 9.9, 'spectrum-math-grade-k,319929/', 'http://ecx.images-amazon.com/images/I/513saHGRD2L.jpg', 'https://api.edmodo.com/users/71136387/avatar?type=small&u=8b1bjlb2w1asrkbf4uef1ihfy', 'Spectrum Math helps students apply essential math skills to everyday life! The lessons, perfect for students in kindergarten, strengthen math skills by focusing on same and different, adding and subtracting, shapes, writing numbers, patterns, and more! The variety of activities also helps extend problem-solving and analytical abilities. It features easy-to-understand directions, is aligned to national and state standards, and also includes a complete answer key. --Today, more than ever, students need to be equipped with the essential skills they need for school achievement and for success on proficiency tests. The Spectrum series has been designed to prepare students with these skills and to enhance student achievement. Developed by experts in the field of education, each title in the Spectrum workbook series offers grade-appropriate instruction and reinforcement in an effective sequence for learning success. Perfect for use at home or in school, and a favorite of parents, homeschoolers, and teachers worldwide, Spectrum is the learning partner students need for complete achievement.', 3.6, 5),
(320421, '2015-07-22 15:41:40', '2015-05-08', 'USD', 'Spectrum Math, Grade 7', 71136387, 'Amazon Inc.', 9.9, 'spectrum-math-grade-7,320421/', 'http://ecx.images-amazon.com/images/I/41wpUujAl0L.jpg', 'https://api.edmodo.com/users/71136387/avatar?type=small&u=8b1bjlb2w1asrkbf4uef1ihfy', 'Test with success using the Spectrum Math workbook! This book helps students in grade 7 apply essential math skills to everyday life. The lessons focus on ratio and proportion, fractions, percents, calculating interest, perimeter, volume, and statistics, and the activities help extend problem-solving and analytical abilities. The book features easy-to-understand directions, is aligned to national and state standards, and also includes a complete answer key. --Today, more than ever, students need to be equipped with the essential skills they need for school achievement and for success on proficiency tests. The Spectrum series has been designed to prepare students with these skills and to enhance student achievement. Developed by experts in the field of education, each title in the Spectrum workbook series offers grade-appropriate instruction and reinforcement in an effective sequence for learning success. Perfect for use at home or in school, and a favorite of parents, homeschoolers, and teachers worldwide, Spectrum is the learning partner students need for complete achievement.', 4.0, 16),
(320423, '2015-07-22 15:41:40', '2015-05-08', 'USD', 'Spectrum Math, Grade 6', 71136387, 'Amazon Inc.', 9.9, 'spectrum-math-grade-6,320423/', 'http://ecx.images-amazon.com/images/I/41ryXF3KkSL.jpg', 'https://api.edmodo.com/users/71136387/avatar?type=small&u=8b1bjlb2w1asrkbf4uef1ihfy', 'Test with success using the Spectrum Math workbook! This book helps students in grade 6 apply essential math skills to everyday life. The lessons focus on fractions, decimals, percents, algebra, introductory geometry, probability, and statistics, and the activities help extend problem-solving and analytical abilities. The book features easy-to-understand directions, is aligned to national and state standards, and also includes a complete answer key. --Today, more than ever, students need to be equipped with the essential skills they need for school achievement and for success on proficiency tests. The Spectrum series has been designed to prepare students with these skills and to enhance student achievement. Developed by experts in the field of education, each title in the Spectrum workbook series offers grade-appropriate instruction and reinforcement in an effective sequence for learning success. Perfect for use at home or in school, and a favorite of parents, homeschoolers, and teachers worldwide, Spectrum is the learning partner students need for complete achievement.', 3.8, 13),
(320509, '2015-07-22 15:41:40', '2015-05-08', 'USD', '101 Mathematical Projects', 71136387, 'Amazon Inc.', 31.0, '101-mathematical-projects,320509/', 'http://ecx.images-amazon.com/images/I/61tCz9iXgiL.jpg', 'https://api.edmodo.com/users/71136387/avatar?type=small&u=8b1bjlb2w1asrkbf4uef1ihfy', 'This book for teachers suggests projects which cater for a wide range of concepts and skills, and links with other curriculum subjects.', 4.0, 1),
(320511, '2015-07-22 15:41:40', '2015-05-08', 'USD', 'McGraw-Hill''s Math, Grade 5', 71136387, 'Amazon Inc.', 12.0, 'mcgraw-hills-math-grade-5,320511/', 'http://ecx.images-amazon.com/images/I/51gUIkLRTGL.jpg', 'https://api.edmodo.com/users/71136387/avatar?type=small&u=8b1bjlb2w1asrkbf4uef1ihfy', 'Now students can bring home the classroom expertise of McGraw-Hill to help them sharpen their math skills! McGraw-Hill s Math Grade 5 helps your elementary-school student learn and practice basic math skills he or she will need in the classroom and on standardized NCLB tests. Its attractive four-color page design creates a student-friendly learning experience, and all pages are filled to the brim with activities for maximum educational value. All content aligned to state and national standards You Know It! features reinforce mastery of learned skills before introducing new material Reality Check features link skills to real-world applications Find Out About It features lead students to explore other media World of Words features promote language acquisition Discover more inside A week-by-week summer study plan to be used as a summer bridge learning and reinforcement program Each lesson ends with self-assessment that includes items reviewing concepts taught in previous lessons Intervention features address special-needs students', 3.0, 1),
(320695, '2015-07-22 15:41:50', '2015-05-09', 'USD', 'Fractions, Decimal , percents ', 5230087, 'Bobby Brian', 1.0, 'fractions-decimal-percents,320695/', 'https://spotlight.edmodo.com/static/img/subject_39.jpg', 'https://api.edmodo.com/users/5230087/avatar?type=small&u=6csttcvyln5ugpkk7p6f9u11i', 'This a SMART notebook lesson. Students will convert fractions ,decimals, and percents', 2.5, 2),
(320821, '2015-07-22 15:41:36', '2015-05-09', 'USD', 'Math Symbaloo', 4602229, 'Sylvia', 0.0, 'math-symbaloo,320821/', 'https://media-market.edmodo.com/media/public/bac8574e2355c07aa6831bbccf703e0cd6dfc246.png', 'https://api.edmodo.com/users/4602229/avatar?type=small&u=902v6uz48lj7kubupt07f9or3', 'Elementary math resources, games, and websites for review and enrichment.', 0.0, 0),
(320895, '2015-07-22 15:41:40', '2015-05-10', 'USD', 'A Mathematical Pandora''s Box', 71136387, 'Amazon Inc.', 20.0, 'a-mathematical-pandoras-box,320895/', 'http://ecx.images-amazon.com/images/I/510upx7cmVL.jpg', 'https://api.edmodo.com/users/71136387/avatar?type=small&u=8b1bjlb2w1asrkbf4uef1ihfy', 'A Mathematical Pandora s Box has been written in response to the success of Brian Bolt s earlier mathematical puzzle books. Through his own experience, the author has discovered a worldwide interest in these and similar puzzles. Not only do they stimulate creative thinking but they can also open up new areas of mathematics to the reader. This book contains 142 activities in addition to puzzles, there are games, tricks, models and explanations of various phenomena. They range from number manipulation, through happy and amicable numbers, coin puzzles, picnicking bears and pentominoes, to building shapes with cubes. Some of the puzzles date from hundreds of years ago while many others are original, giving everyone something to think about. There is a detailed commentary at the end of the book, giving solutions and explanations, together with the occasional follow-up problem.', 4.2, 4),
(321177, '2015-07-22 15:41:36', '2015-05-11', 'USD', 'Mathionary', 26480175, 'Andy', 1.0, 'mathionary,321177/', 'https://media-market.edmodo.com/media/public/3a489561250e7f03d13bdf9e2cb591f281cac16f.png', 'https://api.edmodo.com/users/26480175/avatar?type=small&u=1sd1bgz5kymeuiktb23tp5oof', 'Teaching mathematics with a Dictionary? Students will dissect a dictionary using fractions, percents, and decimals.\n\nMathematical Domains: The Number System, Measurement and Data\n\nStandards: Grade Levels 6, 7: 6.RP.A.3.C,6.RP.A.3.D, 7.RP.A.2.D, 7.RP.A.3\n\nTopics: fractions, percents, decimals, graphing, measurement\n\nGrade Level(s): Sixth, Seventh\n\nDuration: Approximately 1-2 hours\n\nResource: Lesson Plans (Individual), PowerPoint Presentations, PDF, Activities', 5.0, 2),
(321179, '2015-07-22 15:41:36', '2015-05-11', 'USD', 'Mathletics', 26480175, 'Andy', 1.0, 'mathletics,321179/', 'https://media-market.edmodo.com/media/public/8af6f7a7fdaf0a4693115fef72dd9d692813dd57.png', 'https://api.edmodo.com/users/26480175/avatar?type=small&u=1sd1bgz5kymeuiktb23tp5oof', 'Where are the Mathletes? Students will analyze linear and quadratic functions in the context of a team''s schedule. Get your students'' heads in the game. \n\nMathematical Domains: Expressions & Equations, Functions\n\nStandards: Grades Levels 8, 9, 10,11, 12: 8.F.B.4, HSA.CED.A.1, HSA.CED.A.2, HSA.CED.A.3, HSA.SSE.A.1, HSF.BF.A.1\n\nTopics: Modeling with Expressions, Linear Functions, Quadratic Functions\n\nGrade Level(s): Eighth, Ninth, Tenth, Eleventh, Twelfth\n\nDuration: Approximately 1  to 2 hours\n\nResource: Lesson Plans (Individual), PowerPoint Presentations, PDF, Activities', 5.0, 2),
(321217, '2015-07-22 15:41:36', '2015-05-12', 'USD', 'Spelling Mathematically', 26480175, 'Andy', 1.0, 'spelling-mathematically,321217/', 'https://media-market.edmodo.com/media/public/1eb462c2af6492d460ddf5e96559f3295cd47cbf.png', 'https://api.edmodo.com/users/26480175/avatar?type=small&u=1sd1bgz5kymeuiktb23tp5oof', 'May I have the (0,0) of the word, please. Students use desmos along with equations and their respective domains and ranges to graph their names in desmos.\n\nMathematical Domains: Expressions & Equations, Functions\n\nStandards: Grade Levels 8-10: HSF.IF.A.1, HSF.IF.B.5, 8.EE.B.6\n\nTopics: Graphing, Linear Equations, Functions, Domain, Range\n\nGrade Level(s): Eighth, Ninth, Tenth\n\nDuration: Approximately 2 Days\n\nResource: Lesson Plans (Individual), PowerPoint Presentations, PDF, Activities', 5.0, 2),
(321663, '2015-07-22 15:41:36', '2015-05-13', 'USD', 'Math!', 72236281, 'Carl', 0.0, 'math,321663/', 'https://spotlight.edmodo.com/static/img/subject_39.jpg', 'https://api.edmodo.com/users/72236281/avatar?type=small&u=72m826elp064x0k7jq9h08gpd', 'I like math!', 4.0, 1),
(321733, '2015-07-22 15:41:40', '2015-05-14', 'USD', 'Daily Math Practice, Grades 6+', 71136387, 'Amazon Inc.', 22.0, 'daily-math-practice-grades-6,321733/', 'http://ecx.images-amazon.com/images/I/510ro%2BK8auL.jpg', 'https://api.edmodo.com/users/71136387/avatar?type=small&u=8b1bjlb2w1asrkbf4uef1ihfy', 'Your grade 6 and higher students will build mastery and retention by applying these lessons for as little as 15 minutes a day. Practice computation, word problems, and dozens of other important math skills are covered, all in a range of difficulty appropriate for grade 6. There are 36 weeks worth of lessons, each divided as follows. Practice five items a day Monday through Thursday two computation problems two items that practice a variety of math skills one word problem Friday s lesson contains a single problem that is more extensive and may require multiple steps. These problems emphasize reasoning and communication in mathematics. Daily Math Practice, Grade 6 includes practice lessons on the following topics Computation multi-digit addition with and without regrouping multi-digit subtraction with and without regrouping multi-digit multiplication and division addition, subtraction, multiplication, division of decimals fractions addition and subtraction of negative numbers Number base ten system word standard forms place value rounding estimation properties relationships factors GCF multiples LCM equalities inequalities decimals fractions percents integers Patterns Algebra figural patterns numerical patterns expressions function tables equations Geometry Spatial 2-dimentional shapes 3-dimentional shapes symmetry congruency spatial angle Measurement weight capacity time temperature length perimeter circumference area volume money Data Probability coordinate graphing constructing graphs interpreting graphs range mode median mean probability permutations combinations The page for each day features a place for the student to enter his or her name. All pages are reproducible. Just one example of an exercise found in this book is If two angles of a triangle measure 50 degrees and 85 degrees, what is the measure of the third angle? There is an answer key for each week and a scope and sequence chart. The scope and sequence charts detail the specific skills to be practiced and show when they will be presented. The skills included are those found in math texts at each level. Lessons are illustrated with basic line art of things familiar to any sixth grade student. All 112 reproducible pages perforated for easy removal. 14.95 each.', 4.0, 2),
(321817, '2015-07-22 15:41:36', '2015-05-14', 'USD', 'Math Teacher', 3380129, 'Tricia', 0.0, 'math-teacher,321817/', 'https://media-market.edmodo.com/media/public/d9890e5f8188a01b25c5dfab5663cd5d81bb19b9.png', 'https://api.edmodo.com/users/3380129/avatar?type=small&u=3t6m58xhkm7v8ldrxhtsi0ovz', 'Do you assign student jobs in the classroom? Wondering how to ''pay'' them? Why not use ''passes'' as payment. Students can choose from a variety of options as payment.', 0.0, 0),
(321913, '2015-07-22 15:41:36', '2015-05-14', 'USD', 'Math, Grade 5 (Spectrum Math)', 71136387, 'Amazon Inc.', 9.9, 'math-grade-5-spectrum-math,321913/', 'http://ecx.images-amazon.com/images/I/51m%2By%2BEkTLL.jpg', 'https://api.edmodo.com/users/71136387/avatar?type=small&u=8b1bjlb2w1asrkbf4uef1ihfy', 'Our proven Spectrum Math grade 5 workbook features 184 pages of drills and practice in math fundamentals. Recently updated to current national math and testing standards. This workbook for children ages 10 to 11 uses everyday math applications to teach basic skills. Math skills include Adding and subtracting to 6-digit numbers Multiplication and division Fractions with decimals Metric and customary measurements Introduction to geometry Algebra Graphs and probability Our best-selling Spectrum Math series features age-appropriate workbooks for Preschool to grade 8. Developed with the latest standards-based teaching methods that provide targeted practice in math fundamentals to ensure successful learning!', 3.5, 4),
(322511, '2015-07-22 15:41:42', '2015-05-18', 'USD', 'MIT App Inventor', 6514846, 'Alisa', 0.0, 'mit-app-inventor,322511/', 'https://spotlight.edmodo.com/static/img/subject_135.jpg', 'https://api.edmodo.com/users/6514846/avatar?type=small&u=cz2zdih692r64yywcb6cw26ir', 'Design and program your own apps, step by steps guides.', 0.0, 0),
(322841, '2015-07-22 15:41:40', '2015-05-19', 'USD', 'Spectrum Math, Grade 1', 71136387, 'Amazon Inc.', 9.9, 'spectrum-math-grade-1,322841/', 'http://ecx.images-amazon.com/images/I/41chp9%2BQLDL.jpg', 'https://api.edmodo.com/users/71136387/avatar?type=small&u=8b1bjlb2w1asrkbf4uef1ihfy', 'Spectrum Math helps students apply essential math skills to everyday life! The lessons, perfect for students in grade 1, strengthen math skills by focusing on counting to 100, telling time, place value, greater than and less than, and more! The variety of activities also helps extend problem-solving and analytical abilities. It features easy-to-understand directions, is aligned to national and state standards, and also includes a complete answer key. --Today, more than ever, students need to be equipped with the essential skills they need for school achievement and for success on proficiency tests. The Spectrum series has been designed to prepare students with these skills and to enhance student achievement. Developed by experts in the field of education, each title in the Spectrum workbook series offers grade-appropriate instruction and reinforcement in an effective sequence for learning success. Perfect for use at home or in school, and a favorite of parents, homeschoolers, and teachers worldwide, Spectrum is the learning partner students need for complete achievement.', 4.0, 10),
(322843, '2015-07-22 15:41:40', '2015-05-19', 'USD', 'Spectrum Math, Grade 3', 71136387, 'Amazon Inc.', 9.9, 'spectrum-math-grade-3,322843/', 'http://ecx.images-amazon.com/images/I/41jKhV%2BhPTL.jpg', 'https://api.edmodo.com/users/71136387/avatar?type=small&u=8b1bjlb2w1asrkbf4uef1ihfy', 'Test with success using the Spectrum Math workbook! This book helps students in grade 3 apply essential math skills to everyday life. The lessons focus on multiplication and division, fractions, decimals, percents, measurements, and graphs, and the activities help extend problem-solving and analytical abilities. The book features easy-to-understand directions, is aligned to national and state standards, and also includes a complete answer key. --Today, more than ever, students need to be equipped with the essential skills they need for school achievement and for success on proficiency tests. The Spectrum series has been designed to prepare students with these skills and to enhance student achievement. Developed by experts in the field of education, each title in the Spectrum workbook series offers grade-appropriate instruction and reinforcement in an effective sequence for learning success. Perfect for use at home or in school, and a favorite of parents, homeschoolers, and teachers worldwide, Spectrum is the learning partner students need for complete achievement.', 3.4, 11),
(323267, '2015-07-22 15:41:40', '2015-05-21', 'USD', 'Addition & Subtraction Math Games', 39375193, 'Daniel', 2.0, 'addition-subtraction-math-games,323267/', 'https://media-market.edmodo.com/media/public/8e0843fd5bdd69356cfc9cf438eed0f60b7df4dc.jpeg', 'https://api.edmodo.com/users/39375193/avatar?type=small&u=c07lxi3lh8mvybsmua7lo507w', '4 fun and engaging Addition and Subtraction dice games.  Games include a template to make your own 6-sided and 10-sided dice.  Great for building math facts fluency.', 4.0, 4),
(323459, '2015-07-22 15:41:36', '2015-05-21', 'USD', 'Math Quest', 62255381, 'Robert', 0.0, 'math-quest,323459/', 'https://spotlight.edmodo.com/static/img/subject_39.jpg', 'https://api.edmodo.com/users/62255381/avatar?type=small&u=5ylnbf9r8t1yl1u2lmwxy83cp', 'The game board for Math Quest.', 0.0, 0),
(323481, '2015-07-22 15:41:45', '2015-05-21', 'USD', 'Mix Mercadolgcio', 31336479, 'ngel', 0.0, 'mix-mercadolgcio,323481/', 'https://spotlight.edmodo.com/static/img/subject_23.jpg', 'https://api.edmodo.com/users/31336479/avatar?type=small&u=cinun1t7100esum1yy14a8r9l', 'Presentacin que trata sobre los usos y beneficios que contrae el mix mercadolgico en el momento de disear un producto nuevo.', 0.0, 0),
(323527, '2015-07-22 15:41:41', '2015-05-22', 'USD', 'Mitosis Mobile', 4081513, 'Matthew', 0.0, 'mitosis-mobile,323527/', 'https://spotlight.edmodo.com/static/img/subject_12.jpg', 'https://api.edmodo.com/users/4081513/avatar?type=small&u=eyek31c36vkc41xsmt9x9ij41', 'Students create mobiles in collaborative groups to  better understand the phases of mitosis and the outcome.', 0.0, 0),
(323537, '2015-07-22 15:41:43', '2015-05-22', 'USD', 'Video: Mi Primer Milln', 56863215, 'Seor', 0.0, 'video-mi-primer-milln,323537/', 'https://spotlight.edmodo.com/static/img/subject_2.jpg', 'https://api.edmodo.com/users/56863215/avatar?type=small&u=4wwxv6973v0qnnrrma8z6mz4e', 'Un video para ayudar a los estudiantes a entender la letra de Mi Primer Milln. Contiene subjuntivo. ', 0.0, 0),
(323547, '2015-07-22 15:41:38', '2015-05-22', 'USD', 'Math, Grade 4 (Master Skills)', 71136387, 'Amazon Inc.', 8.0, 'math-grade-4-master-skills,323547/', 'http://ecx.images-amazon.com/images/I/61oItnxojRL.jpg', 'https://api.edmodo.com/users/71136387/avatar?type=small&u=8b1bjlb2w1asrkbf4uef1ihfy', 'These nationally acclaimed titles ensure students academic success with teachers and parents. The key to the Master Skills series is reinforcing skills through practice using a contemporary approach to learning fundamentals through real-life applications. The workbooks in this series are excellent tools to prepare young learners for proficiency testing and school success. Answer keys included.', 5.0, 1),
(324195, '2015-07-22 15:41:50', '2015-05-22', 'USD', 'Ordering Fractions - Lesson 1', 2111752, 'Tamara', 0.0, 'ordering-fractions-lesson-1,324195/', 'https://media-market.edmodo.com/media/public/bca00f8b405416f8c7b59c7fd5f0bea6ed60dce5.jpeg', 'https://api.edmodo.com/users/2111752/avatar?type=small&u=5he99ojnnjmuzo173fr7clelu', 'This video explains how to order fractions using a number line.', 0.0, 0),
(324219, '2015-07-22 15:41:43', '2015-05-22', 'USD', 'MIKE', 46490685, 'Michael', 1.0, 'mike,324219/', 'https://spotlight.edmodo.com/static/img/subject_39.jpg', 'https://api.edmodo.com/users/46490685/avatar?type=small&u=5kxotmi88jl9zjtnocm6ripu4', 'MICHAEL', 0.3, 3),
(324727, '2015-07-22 15:41:45', '2015-05-24', 'USD', 'Mindfulness Acvitity', 16264022, 'Vanessa', 0.0, 'mindfulness-acvitity,324727/', 'https://spotlight.edmodo.com/static/img/subject_34.jpg', 'https://api.edmodo.com/users/16264022/avatar?type=small&u=c7x4zh2ke6fa51jt9s608ddwn', 'This lesson challenges students to respond to music through art while developing their mindfulness.\nThey will listen to music from a variety of genres, then use art elements (e.g. line, shape, colour) to represent the feelings or emotions behind each musical piece. ', 0.0, 0),
(324787, '2015-07-22 15:41:38', '2015-05-24', 'USD', 'Everyday Mathematics: Student Math Journal', 71136387, 'Amazon Inc.', 0.0, 'everyday-mathematics-student-math-journal,324787/', 'http://ecx.images-amazon.com/images/I/51hwVT7CzlL.jpg', 'https://api.edmodo.com/users/71136387/avatar?type=small&u=8b1bjlb2w1asrkbf4uef1ihfy', 'These consumable books provide lesson support material for students to analyze and complete. They provide a long-term record of each student s mathematical development.', 1.0, 1),
(326027, '2015-07-22 15:41:36', '2015-05-30', 'USD', 'IGCSE Mathematics', 3001343, 'Girishkumar', 0.0, 'igcse-mathematics,326027/', 'https://spotlight.edmodo.com/static/img/subject_39.jpg', 'https://api.edmodo.com/users/3001343/avatar?type=small&u=gtm83sun1jlz86kqwd7sjf3l', 'There are 30 questions in the form of Tarsia puzzle. User has to download file, cut the tiles and then rearrange to match question and answer. This quiz is designed for  IGCSE 0607 Extended syllabus.  ', 3.0, 2),
(326053, '2015-07-22 15:41:42', '2015-05-30', 'USD', 'Chinese - Mandarin MIT AP', 21282465, 'Michael', 0.0, 'chinese-mandarin-mit-ap,326053/', 'https://media-market.edmodo.com/media/public/e9c10f8c0b0b8c9da94112d0d373137c38778c54.jpeg', 'https://api.edmodo.com/users/21282465/avatar?type=small&u=6plus4y9nd1hhaeyhhgffrlua', 'modern standard Chinese(Mandarin). Not everyone will be an absolute beginner, the course requires no prior background in Mandarin. The course all four semesters of a 2 year program. Lessons is designed to train native English Language speakers to level 3 in Speaking, Understanding, Reading, Writing in Mandarin, plus Learning G+ Hangouts, assignments, meetups & Media streaming. Topics discussed are: introductions, greetings, Little about yourself, things around us, education daily tasks, where you live and Family. Notes in Cultural include information on the land, the religion, the people and their history, the lifestyle and social customs, your living situation, things to do and things not to do, notes for female dependents, and recommended reading.', 0.0, 0),
(326145, '2015-07-22 15:41:37', '2015-05-30', 'USD', 'Reflex Math', 2066678, 'Sandy', 0.0, 'reflex-math,326145/', 'https://media-market.edmodo.com/media/public/b50b3fdefa3b282975c5449df963b5c90ef61b80.png', 'https://api.edmodo.com/users/2066678/avatar?type=small&u=bb2d0k0j4a2jedieju7e3iqdu', 'Learning the basic math facts has never been more fun with this game-based program that personalizes learning. My students jumped from 10% fluency to 100% in just a few short months. It makes a difference with how they view math.', 0.0, 0),
(326201, '2015-07-22 15:41:38', '2015-05-30', 'USD', 'MAT26_webpage of maths circle', 71062695, 'Iwona', 0.0, 'mat26_webpage-of-maths-circle,326201/', 'https://spotlight.edmodo.com/static/img/subject_39.jpg', 'https://api.edmodo.com/users/71062695/avatar?type=small&u=dviqodhhkotdu0keuntw1vewe', 'Works, project and photos of maths circle', 0.0, 0),
(326233, '2015-07-22 15:41:46', '2015-05-30', 'USD', 'Blendspace: Microranisms', 2066678, 'Sandy', 0.0, 'blendspace-microranisms,326233/', 'https://media-market.edmodo.com/media/public/363b0b864d790b41250041ae205db96e9d308c1e.jpeg', 'https://api.edmodo.com/users/2066678/avatar?type=small&u=bb2d0k0j4a2jedieju7e3iqdu', 'This is a playlist for students to learn about microorganisms without having to hunt all over the Internet.', 0.0, 0),
(326525, '2015-07-22 15:41:37', '2015-06-01', 'USD', 'Maths resources', 24970, 'Rowena', 0.0, 'maths-resources,326525/', 'https://spotlight.edmodo.com/static/img/subject_39.jpg', 'https://api.edmodo.com/users/24970/avatar?type=small&u=20h6j4mnum73hikbxgbli9vjp', 'A collection of sites and resources for mathematics teachers by mathematics teachers. Thanks to Simon Job, manager and site-creator.', 0.0, 0),
(327235, '2015-07-22 15:41:48', '2015-06-04', 'USD', 'Decimal fractions_test', 71062695, 'Iwona', 0.0, 'decimal-fractions_test,327235/', 'https://spotlight.edmodo.com/static/img/subject_39.jpg', 'https://api.edmodo.com/users/71062695/avatar?type=small&u=dviqodhhkotdu0keuntw1vewe', 'Test for 5th grade', 0.0, 0),
(327237, '2015-07-22 15:41:36', '2015-06-04', 'USD', 'Math', 1118481, 'Khan Academy', 0.0, 'math,327237/', 'https://www.khanacademy.org/images/khan-logo-vertical-transparent.png', 'https://api.edmodo.com/users/1118481/avatar?type=small&u=dl37i92vt5gab2g7q8gc0l4w7', 'Watch videos and practice your skills for almost any math subject.', 5.0, 1),
(327337, '2015-07-22 15:41:37', '2015-06-04', 'USD', 'Early math', 1118481, 'Khan Academy', 0.0, 'early-math,327337/', 'https://www.khanacademy.org/images/khan-logo-vertical-transparent.png', 'https://api.edmodo.com/users/1118481/avatar?type=small&u=dl37i92vt5gab2g7q8gc0l4w7', 'Math begins with counting. It''s the most important skill we learn in our early years, and it becomes the foundation for all other math concepts. Once we can count, we can add, subtract, and measure the world around us. Shortly thereafter, we learn about place values, graphs, time, money, and shapes.', 0.0, 0),
(327519, '2015-07-22 15:41:50', '2015-06-04', 'USD', 'Fractions of shapes', 1118481, 'Khan Academy', 0.0, 'fractions-of-shapes,327519/', 'https://www.khanacademy.org/images/khan-logo-vertical-transparent.png', 'https://api.edmodo.com/users/1118481/avatar?type=small&u=dl37i92vt5gab2g7q8gc0l4w7', 'Learn how to break shapes into equal parts.', 0.0, 0),
(327569, '2015-07-22 15:41:48', '2015-06-04', 'USD', 'Fractions intro', 1118481, 'Khan Academy', 0.0, 'fractions-intro,327569/', 'https://www.khanacademy.org/images/khan-logo-vertical-transparent.png', 'https://api.edmodo.com/users/1118481/avatar?type=small&u=dl37i92vt5gab2g7q8gc0l4w7', 'Fractions intro', 0.0, 0),
(327575, '2015-07-22 15:41:49', '2015-06-04', 'USD', 'Equivalent fractions', 1118481, 'Khan Academy', 0.0, 'equivalent-fractions,327575/', 'https://www.khanacademy.org/images/khan-logo-vertical-transparent.png', 'https://api.edmodo.com/users/1118481/avatar?type=small&u=dl37i92vt5gab2g7q8gc0l4w7', 'Equivalent fractions', 0.0, 0),
(327581, '2015-07-22 15:41:50', '2015-06-04', 'USD', 'What fractions mean', 1118481, 'Khan Academy', 0.0, 'what-fractions-mean,327581/', 'https://www.khanacademy.org/images/khan-logo-vertical-transparent.png', 'https://api.edmodo.com/users/1118481/avatar?type=small&u=dl37i92vt5gab2g7q8gc0l4w7', 'What fractions mean', 0.0, 0),
(327583, '2015-07-22 15:41:48', '2015-06-04', 'USD', 'Fractions', 1118481, 'Khan Academy', 0.0, 'fractions,327583/', 'https://www.khanacademy.org/images/khan-logo-vertical-transparent.png', 'https://api.edmodo.com/users/1118481/avatar?type=small&u=dl37i92vt5gab2g7q8gc0l4w7', 'This will be your first introduction to the idea of fractions. You''ll learn what they are and what they can represent. Then in 4th and 5th grades, you''ll learn to compute with them.', 0.0, 0),
(327589, '2015-07-22 15:41:50', '2015-06-04', 'USD', 'Fractions and whole numbers', 1118481, 'Khan Academy', 0.0, 'fractions-and-whole-numbers,327589/', 'https://www.khanacademy.org/images/khan-logo-vertical-transparent.png', 'https://api.edmodo.com/users/1118481/avatar?type=small&u=dl37i92vt5gab2g7q8gc0l4w7', 'Fractions and whole numbers', 0.0, 0),
(327595, '2015-07-22 15:41:50', '2015-06-04', 'USD', 'Fraction basics', 1118481, 'Khan Academy', 0.0, 'fraction-basics,327595/', 'http://img.youtube.com/vi/jgWqSjgMAtw/0.jpg', 'https://api.edmodo.com/users/1118481/avatar?type=small&u=dl37i92vt5gab2g7q8gc0l4w7', 'Divide wholes into equal-sized pieces to create unit fractions.', 0.0, 0),
(327613, '2015-07-22 15:41:50', '2015-06-04', 'USD', 'Generating equivalent fractions', 1118481, 'Khan Academy', 0.0, 'generating-equivalent-fractions,327613/', 'http://img.youtube.com/vi/-YpEkExjq2E/0.jpg', 'https://api.edmodo.com/users/1118481/avatar?type=small&u=dl37i92vt5gab2g7q8gc0l4w7', 'Create equivalent fractions by dividing a fraction model and number line into smaller parts.', 0.0, 0),
(327621, '2015-07-22 15:41:49', '2015-06-04', 'USD', 'Comparing fractions', 1118481, 'Khan Academy', 0.0, 'comparing-fractions,327621/', 'https://www.khanacademy.org/images/khan-logo-vertical-transparent.png', 'https://api.edmodo.com/users/1118481/avatar?type=small&u=dl37i92vt5gab2g7q8gc0l4w7', 'Comparing fractions', 0.0, 0),
(327633, '2015-07-22 15:41:50', '2015-06-04', 'USD', 'Fractions on a number line', 1118481, 'Khan Academy', 0.0, 'fractions-on-a-number-line,327633/', 'http://img.youtube.com/vi/Z0WsfO-RI8Y/0.jpg', 'https://api.edmodo.com/users/1118481/avatar?type=small&u=dl37i92vt5gab2g7q8gc0l4w7', 'Graph and locate fractions on a number line.', 0.0, 0),
(327635, '2015-07-22 15:41:50', '2015-06-04', 'USD', 'Whole numbers as fractions', 1118481, 'Khan Academy', 0.0, 'whole-numbers-as-fractions,327635/', 'http://img.youtube.com/vi/3OFH8OhpN08/0.jpg', 'https://api.edmodo.com/users/1118481/avatar?type=small&u=dl37i92vt5gab2g7q8gc0l4w7', 'Use fraction models and a number line to represent 3 as a fraction.', 0.0, 0),
(327639, '2015-07-22 15:41:50', '2015-06-04', 'USD', 'Equivalent fractions with visuals', 1118481, 'Khan Academy', 0.0, 'equivalent-fractions-with-visuals,327639/', 'http://img.youtube.com/vi/oGAVi4xb7Sg/0.jpg', 'https://api.edmodo.com/users/1118481/avatar?type=small&u=dl37i92vt5gab2g7q8gc0l4w7', 'Use same-sized wholes to show equivalent fractions.', 0.0, 0),
(327691, '2015-07-22 15:41:50', '2015-06-04', 'USD', 'Visualizing equivalent fractions', 1118481, 'Khan Academy', 0.0, 'visualizing-equivalent-fractions,327691/', 'https://www.khanacademy.org/images/khan-logo-vertical-transparent.png', 'https://api.edmodo.com/users/1118481/avatar?type=small&u=dl37i92vt5gab2g7q8gc0l4w7', 'Learn how to find equivalent fractions by multiplying the numerator and denominator by the same number.', 0.0, 0),
(327705, '2015-07-22 15:41:49', '2015-06-04', 'USD', 'Decomposing fractions', 1118481, 'Khan Academy', 0.0, 'decomposing-fractions,327705/', 'https://www.khanacademy.org/images/khan-logo-vertical-transparent.png', 'https://api.edmodo.com/users/1118481/avatar?type=small&u=dl37i92vt5gab2g7q8gc0l4w7', 'See that a fraction can be broken up (or decomposed) into a bunch of other fractions.', 0.0, 0),
(327713, '2015-07-22 15:41:48', '2015-06-04', 'USD', 'Fractions', 1118481, 'Khan Academy', 0.0, 'fractions,327713/', 'https://www.khanacademy.org/images/khan-logo-vertical-transparent.png', 'https://api.edmodo.com/users/1118481/avatar?type=small&u=dl37i92vt5gab2g7q8gc0l4w7', 'Learn how to do basic arithmetic with fractions (add, subtract, and multiply). Also learn about mixed numbers and equivalent fractions, and use this knowledge to compare fractions with unlike denominators.', 0.0, 0),
(327715, '2015-07-22 15:41:49', '2015-06-04', 'USD', 'Comparing fractions', 1118481, 'Khan Academy', 0.0, 'comparing-fractions,327715/', 'https://www.khanacademy.org/images/khan-logo-vertical-transparent.png', 'https://api.edmodo.com/users/1118481/avatar?type=small&u=dl37i92vt5gab2g7q8gc0l4w7', 'Learn how to compare fractions with unlike denominators. Along the way, practice finding common denominators and simplifying fractions.', 0.0, 0),
(327729, '2015-07-22 15:41:46', '2015-06-04', 'USD', 'Mixed numbers', 1118481, 'Khan Academy', 0.0, 'mixed-numbers,327729/', 'https://www.khanacademy.org/images/khan-logo-vertical-transparent.png', 'https://api.edmodo.com/users/1118481/avatar?type=small&u=dl37i92vt5gab2g7q8gc0l4w7', 'Learn how to write improper fractions as mixed numbers (and mixed numbers as improper fractions).', 0.0, 0),
(327787, '2015-07-22 15:41:50', '2015-06-04', 'USD', 'Intro to equivalent fractions', 1118481, 'Khan Academy', 0.0, 'intro-to-equivalent-fractions,327787/', 'http://img.youtube.com/vi/N1X0vf5PUz4/0.jpg', 'https://api.edmodo.com/users/1118481/avatar?type=small&u=dl37i92vt5gab2g7q8gc0l4w7', 'Ever had to share a pizza and got stuck with a smaller piece? Not fair! We''re here to stand up for your delicious, hot EQUAL pizza slice. Watch.', 0.0, 0),
(327795, '2015-07-22 15:41:50', '2015-06-04', 'USD', 'Visualizing equivalent fractions', 1118481, 'Khan Academy', 0.0, 'visualizing-equivalent-fractions,327795/', 'http://img.youtube.com/vi/Bt60JVZRVCI/0.jpg', 'https://api.edmodo.com/users/1118481/avatar?type=small&u=dl37i92vt5gab2g7q8gc0l4w7', 'To understand equivalent fractions it helps to "see" the fractions using something like a grid with shaded and unshaded sections representing the fraction.', 0.0, 0),
(327799, '2015-07-22 15:41:51', '2015-06-04', 'USD', 'More on equivalent fractions', 1118481, 'Khan Academy', 0.0, 'more-on-equivalent-fractions,327799/', 'http://img.youtube.com/vi/yZqVJtDO7gc/0.jpg', 'https://api.edmodo.com/users/1118481/avatar?type=small&u=dl37i92vt5gab2g7q8gc0l4w7', 'Important: if you multiply a fraction''s numerator and the denominator by the same number, you''ll end up with an equivalent fraction. Got it? Maybe? No problem, we''ll help!', 0.0, 0),
(327877, '2015-07-22 15:41:51', '2015-06-04', 'USD', 'Decimals and fractions', 1118481, 'Khan Academy', 0.0, 'decimals-and-fractions,327877/', 'https://www.khanacademy.org/images/khan-logo-vertical-transparent.png', 'https://api.edmodo.com/users/1118481/avatar?type=small&u=dl37i92vt5gab2g7q8gc0l4w7', 'Decimals and fractions are two ways of representing the same number. Learn how to rewrite fractions as decimals and decimals as fractions.', 0.0, 0),
(328011, '2015-07-22 15:41:51', '2015-06-04', 'USD', 'Adding and subtracting fractions', 1118481, 'Khan Academy', 0.0, 'adding-and-subtracting-fractions,328011/', 'https://www.khanacademy.org/images/khan-logo-vertical-transparent.png', 'https://api.edmodo.com/users/1118481/avatar?type=small&u=dl37i92vt5gab2g7q8gc0l4w7', 'You''ve already got 2 cups of sugar in the cupboard. Your grandmother''s recipe for disgustingly-sweet fudge cake calls for 3 and 1/3 cups of sugar. How much sugar do you need to borrow from you robot neighbor? Adding and subtracting fractions with unlike denominators is key. It might be a good idea to look at the equivalent fractions tutorial before tackling this one. Common Core Standard: 5.NF.A.1', 0.0, 0),
(328013, '2015-07-22 15:41:37', '2015-06-04', 'USD', 'Math patterns', 1118481, 'Khan Academy', 0.0, 'math-patterns,328013/', 'https://www.khanacademy.org/images/khan-logo-vertical-transparent.png', 'https://api.edmodo.com/users/1118481/avatar?type=small&u=dl37i92vt5gab2g7q8gc0l4w7', 'Let''s now use our mathematical toolkit to discover and make use of patterns! This is a seriously fun tutorial.', 0.0, 0),
(328035, '2015-07-22 15:41:51', '2015-06-04', 'USD', 'Multiplying fractions word problems', 1118481, 'Khan Academy', 0.0, 'multiplying-fractions-word-problems,328035/', 'https://www.khanacademy.org/images/khan-logo-vertical-transparent.png', 'https://api.edmodo.com/users/1118481/avatar?type=small&u=dl37i92vt5gab2g7q8gc0l4w7', 'Multiplying fractions is useful. Period. On top of that, multiplying fractions can be really fun! This tutorial will have you multiplying in real-world scenarios (even if they are completely made up out of thin air!). Common Core Standard: 5.NF.B.6', 0.0, 0),
(328061, '2015-07-22 15:41:48', '2015-06-04', 'USD', 'Fractions', 1118481, 'Khan Academy', 0.0, 'fractions,328061/', 'https://www.khanacademy.org/images/khan-logo-vertical-transparent.png', 'https://api.edmodo.com/users/1118481/avatar?type=small&u=dl37i92vt5gab2g7q8gc0l4w7', 'Wash your hands and sterilize your screen; were about to operate on fractions with surgical precision. Learn to add, subtract, multiply, and divide fractions and mixed numbers.', 0.0, 0),
(328069, '2015-07-22 15:41:49', '2015-06-04', 'USD', 'Multiplying fractions', 1118481, 'Khan Academy', 0.0, 'multiplying-fractions,328069/', 'https://www.khanacademy.org/images/khan-logo-vertical-transparent.png', 'https://api.edmodo.com/users/1118481/avatar?type=small&u=dl37i92vt5gab2g7q8gc0l4w7', 'We''re about to have fraction fun! Life doesn''t always happen in whole numbers. All around you are fractions that you will need to multiply--sometimes by whole numbers and other times by other fractions. This tutorial will give you a great conceptual and practical understanding of how and why you multiply fractions. Common Core Standards: 5.NF.B.4, 5.NF.B.4a, 5.NF.B.4b, 5.NF.B.5, 5.NF.B.5a, 5.NF.B.5b', 0.0, 0),
(328071, '2015-07-22 15:41:51', '2015-06-04', 'USD', 'Fractions as division', 1118481, 'Khan Academy', 0.0, 'fractions-as-division,328071/', 'https://www.khanacademy.org/images/khan-logo-vertical-transparent.png', 'https://api.edmodo.com/users/1118481/avatar?type=small&u=dl37i92vt5gab2g7q8gc0l4w7', '**Spoiler Alert!** The fraction bar and the division symbol are really saying the same thing.', 0.0, 0),
(328091, '2015-07-22 15:41:51', '2015-06-04', 'USD', 'Adding fractions: different denominators', 1118481, 'Khan Academy', 0.0, 'adding-fractions-different-denominators,328091/', 'http://img.youtube.com/vi/OVMceVL_CEQ/0.jpg', 'https://api.edmodo.com/users/1118481/avatar?type=small&u=dl37i92vt5gab2g7q8gc0l4w7', 'To solve this problem, we need to find the least common multiple to get at the common denominator. Can you help? We bet you can!', 0.0, 0),
(328097, '2015-07-22 15:41:51', '2015-06-04', 'USD', 'Adding fractions: common denominator', 1118481, 'Khan Academy', 0.0, 'adding-fractions-common-denominator,328097/', 'http://img.youtube.com/vi/TuId1spuyoc/0.jpg', 'https://api.edmodo.com/users/1118481/avatar?type=small&u=dl37i92vt5gab2g7q8gc0l4w7', 'To add these fractions we need to find a common denominator. The answer can be expressed as a mixed number. Let''s try together.', 0.0, 0),
(328127, '2015-07-22 15:41:51', '2015-06-04', 'USD', 'Rewriting fractions as decimals', 1118481, 'Khan Academy', 0.0, 'rewriting-fractions-as-decimals,328127/', 'https://www.khanacademy.org/images/khan-logo-vertical-transparent.png', 'https://api.edmodo.com/users/1118481/avatar?type=small&u=dl37i92vt5gab2g7q8gc0l4w7', 'Learn how to convert fractions to decimals without performing long division. For example, learn how to write 21/60 as a decimal by reasoning about equivalent fractions.', 0.0, 0),
(328145, '2015-07-22 15:41:51', '2015-06-04', 'USD', 'Multiplying fractions: visualizing', 1118481, 'Khan Academy', 0.0, 'multiplying-fractions-visualizing,328145/', 'http://img.youtube.com/vi/hr_mTd-oJ-M/0.jpg', 'https://api.edmodo.com/users/1118481/avatar?type=small&u=dl37i92vt5gab2g7q8gc0l4w7', 'Here''s a great way to visualize fraction multiplication problems. Once you understand this, doing them on your own will be a lot easier!', 0.0, 0),
(328203, '2015-07-22 15:41:51', '2015-06-04', 'USD', 'Subtracting fractions: different denominators', 1118481, 'Khan Academy', 0.0, 'subtracting-fractions-different-denominators,328203/', 'http://img.youtube.com/vi/N21Wh4Jqftc/0.jpg', 'https://api.edmodo.com/users/1118481/avatar?type=small&u=dl37i92vt5gab2g7q8gc0l4w7', 'If you conquered adding fractions with different denominators, then subtracting fractions will be a snap. Don''t worry...we''ll take it slow and explain every step.', 0.0, 0),
(328233, '2015-07-22 15:41:51', '2015-06-04', 'USD', 'Understanding fractions as division', 1118481, 'Khan Academy', 0.0, 'understanding-fractions-as-division,328233/', 'http://img.youtube.com/vi/c-_yrA-GUow/0.jpg', 'https://api.edmodo.com/users/1118481/avatar?type=small&u=dl37i92vt5gab2g7q8gc0l4w7', 'Learn how a/b and ab are equivalent. That is, the fraction bar and the division symbol mean the same thing.', 0.0, 0),
(328263, '2015-07-22 15:41:51', '2015-06-04', 'USD', 'Multiplying two fractions: example', 1118481, 'Khan Academy', 0.0, 'multiplying-two-fractions-example,328263/', 'http://img.youtube.com/vi/CTKMK1ZGLuk/0.jpg', 'https://api.edmodo.com/users/1118481/avatar?type=small&u=dl37i92vt5gab2g7q8gc0l4w7', 'Let''s practice multiplying two fractions together. We''ll learn to simplify the answer, too.', 0.0, 0),
(328305, '2015-07-22 15:41:51', '2015-06-04', 'USD', 'Ratios as fractions', 1118481, 'Khan Academy', 0.0, 'ratios-as-fractions,328305/', 'http://img.youtube.com/vi/UK-_qEDtvYo/0.jpg', 'https://api.edmodo.com/users/1118481/avatar?type=small&u=dl37i92vt5gab2g7q8gc0l4w7', 'Learn how to write ratios as fractions.', 0.0, 0),
(328395, '2015-07-22 15:41:48', '2015-06-04', 'USD', 'Dividing fractions by fractions', 1118481, 'Khan Academy', 0.0, 'dividing-fractions-by-fractions,328395/', 'https://www.khanacademy.org/images/khan-logo-vertical-transparent.png', 'https://api.edmodo.com/users/1118481/avatar?type=small&u=dl37i92vt5gab2g7q8gc0l4w7', 'We''re now ready to get some solid practice dividing fractions by fractions. However, we''re not just going to give you practice problems, we''re going to explain why we do them this way and where the answer comes from. So let''s get going. Common Core Standard: 6.NS.A.1', 0.0, 0);
INSERT INTO `spotlight_apps` (`id`, `updated_at`, `creation_date`, `currency`, `title`, `owner_id`, `owner_name`, `price`, `url`, `img_path`, `seller_thumb_url`, `long_desc`, `avg_rating`, `num_raters`) VALUES
(328421, '2015-07-22 15:41:51', '2015-06-04', 'USD', 'Dividing fractions example', 1118481, 'Khan Academy', 0.0, 'dividing-fractions-example,328421/', 'http://img.youtube.com/vi/m-pRnFIeoNA/0.jpg', 'https://api.edmodo.com/users/1118481/avatar?type=small&u=dl37i92vt5gab2g7q8gc0l4w7', 'This is a straightforward example of dividing two fractions. We''ll make super clear!', 0.0, 0),
(328427, '2015-07-22 15:41:51', '2015-06-04', 'USD', 'Understanding division of fractions', 1118481, 'Khan Academy', 0.0, 'understanding-division-of-fractions,328427/', 'http://img.youtube.com/vi/f3ySpxX9oeM/0.jpg', 'https://api.edmodo.com/users/1118481/avatar?type=small&u=dl37i92vt5gab2g7q8gc0l4w7', 'Using a number line, we''ll explain the rule of "invert and multiply" when dividing two fractions.', 0.0, 0),
(328431, '2015-07-22 15:41:51', '2015-06-04', 'USD', 'Dividing fractions example 2', 1118481, 'Khan Academy', 0.0, 'dividing-fractions-example-2,328431/', 'http://img.youtube.com/vi/tnkPY4UqJ44/0.jpg', 'https://api.edmodo.com/users/1118481/avatar?type=small&u=dl37i92vt5gab2g7q8gc0l4w7', 'Let''s take another stab at dividing two fractions. This time the answer should be a mixed number.', 0.0, 0),
(328445, '2015-07-22 15:41:51', '2015-06-04', 'USD', 'Powers of fractions', 1118481, 'Khan Academy', 0.0, 'powers-of-fractions,328445/', 'http://img.youtube.com/vi/oEgeUk_Ix2c/0.jpg', 'https://api.edmodo.com/users/1118481/avatar?type=small&u=dl37i92vt5gab2g7q8gc0l4w7', 'Just like whole numbers with exponents, fractions are repeatedly multiplied. If you know how to multiply factions, you''re over half way there.', 0.0, 0),
(328615, '2015-07-22 15:41:51', '2015-06-04', 'USD', 'Volume with fractions', 1118481, 'Khan Academy', 0.0, 'volume-with-fractions,328615/', 'https://www.khanacademy.org/images/khan-logo-vertical-transparent.png', 'https://api.edmodo.com/users/1118481/avatar?type=small&u=dl37i92vt5gab2g7q8gc0l4w7', 'Learn how to find the volume of rectangular prisms that have fractional side lengths.', 0.0, 0),
(328709, '2015-07-22 15:41:51', '2015-06-04', 'USD', 'Rate problem using fractions', 1118481, 'Khan Academy', 0.0, 'rate-problem-using-fractions,328709/', 'http://img.youtube.com/vi/d8vvVjfTbYY/0.jpg', 'https://api.edmodo.com/users/1118481/avatar?type=small&u=dl37i92vt5gab2g7q8gc0l4w7', 'One common application of rate is determining speed. Watch as we solve a rate problem finding speed in meters per second using distance (in meters) and time (in seconds).', 0.0, 0),
(328793, '2015-07-22 15:41:51', '2015-06-04', 'USD', 'Multiplying and dividing fractions 2', 1118481, 'Khan Academy', 0.0, 'multiplying-and-dividing-fractions-2,328793/', 'https://www.khanacademy.org/images/khan-logo-vertical-transparent.png', 'https://api.edmodo.com/users/1118481/avatar?type=small&u=dl37i92vt5gab2g7q8gc0l4w7', 'Solve more complex multiplication and division problems involving negative fractions.', 0.0, 0),
(328803, '2015-07-22 15:41:51', '2015-06-04', 'USD', 'Converting fractions to decimals', 1118481, 'Khan Academy', 0.0, 'converting-fractions-to-decimals,328803/', 'https://www.khanacademy.org/images/khan-logo-vertical-transparent.png', 'https://api.edmodo.com/users/1118481/avatar?type=small&u=dl37i92vt5gab2g7q8gc0l4w7', 'This tutorial guides you through two very important skills: converting fractions to decimals and converting decimals to fractions.', 0.0, 0),
(328807, '2015-07-22 15:41:51', '2015-06-04', 'USD', 'Fractions, decimals, and percentages', 1118481, 'Khan Academy', 0.0, 'fractions-decimals-and-percentages,328807/', 'https://www.khanacademy.org/images/khan-logo-vertical-transparent.png', 'https://api.edmodo.com/users/1118481/avatar?type=small&u=dl37i92vt5gab2g7q8gc0l4w7', 'In these tutorials, we''ll explore the number system. We''ll convert fractions to decimals, operate on numbers in different forms, meet complex fractions, and identify types of numbers. We''ll also solve interesting word problems involving percentages (discounts, taxes, and tip calculations).', 0.0, 0),
(328847, '2015-07-22 15:41:52', '2015-06-04', 'USD', 'Adding, subtracting fractions', 1118481, 'Khan Academy', 0.0, 'adding-subtracting-fractions,328847/', 'http://img.youtube.com/vi/9tmtDBpqq9s/0.jpg', 'https://api.edmodo.com/users/1118481/avatar?type=small&u=dl37i92vt5gab2g7q8gc0l4w7', 'Add and subtract negative fractions with unlike denominators.', 0.0, 0),
(328881, '2015-07-22 15:41:52', '2015-06-04', 'USD', 'Dividing negative fractions', 1118481, 'Khan Academy', 0.0, 'dividing-negative-fractions,328881/', 'http://img.youtube.com/vi/H0q9Fqb8YT4/0.jpg', 'https://api.edmodo.com/users/1118481/avatar?type=small&u=dl37i92vt5gab2g7q8gc0l4w7', 'Dividing negative fractions', 0.0, 0),
(329685, '2015-07-22 15:41:49', '2015-06-04', 'USD', 'Understanding fractions', 1118481, 'Khan Academy', 0.0, 'understanding-fractions,329685/', 'https://www.khanacademy.org/images/khan-logo-vertical-transparent.png', 'https://api.edmodo.com/users/1118481/avatar?type=small&u=dl37i92vt5gab2g7q8gc0l4w7', 'If you don''t understand fractions, you won''t be even 1/3 educated. Glasses will seem half empty rather than half full. You''ll be lucky to not be duped into some type of shady real-estate scheme or putting far too many eggs in your cake batter. Good thing this tutorial is here. You''ll see that fractions allow us to view the world in entirely new ways. You''ll see that everything doesn''t have to be a whole. You''ll be able to slice and dice and then put it all back together (and if you order now, we''ll throw in a spatula warmer for no extra charge).', 0.0, 0),
(329691, '2015-07-22 15:41:49', '2015-06-04', 'USD', 'Equivalent fractions', 1118481, 'Khan Academy', 0.0, 'equivalent-fractions,329691/', 'https://www.khanacademy.org/images/khan-logo-vertical-transparent.png', 'https://api.edmodo.com/users/1118481/avatar?type=small&u=dl37i92vt5gab2g7q8gc0l4w7', 'There are literally infinite ways to represent any fraction (or number for that matter). Don''t believe us? Let''s take 1/3. 2/6, 3/9, 4/12 ... 10001/30003 are all equivalent fractions (and we could keep going)! If you know the basics of what a fraction is, this is a great tutorial for recognizing when fractions are equivalent and then simplifying them as much as possible!', 0.0, 0),
(329693, '2015-07-22 15:41:49', '2015-06-04', 'USD', 'Comparing fractions', 1118481, 'Khan Academy', 0.0, 'comparing-fractions,329693/', 'https://www.khanacademy.org/images/khan-logo-vertical-transparent.png', 'https://api.edmodo.com/users/1118481/avatar?type=small&u=dl37i92vt5gab2g7q8gc0l4w7', 'In this tutorial, we''ll practice understanding what quantities fractions actually represent and comparing those to each other.', 0.0, 0),
(329697, '2015-07-22 15:41:49', '2015-06-04', 'USD', 'Decomposing fractions', 1118481, 'Khan Academy', 0.0, 'decomposing-fractions,329697/', 'https://www.khanacademy.org/images/khan-logo-vertical-transparent.png', 'https://api.edmodo.com/users/1118481/avatar?type=small&u=dl37i92vt5gab2g7q8gc0l4w7', 'In this tutorial, we''ll see that a fraction can be broken up (or decomposed) into a bunch of other fractions. You might see the world in a completely different way after this.', 0.0, 0),
(329703, '2015-07-22 15:41:48', '2015-06-04', 'USD', 'Fractions', 1118481, 'Khan Academy', 0.0, 'fractions,329703/', 'https://www.khanacademy.org/images/khan-logo-vertical-transparent.png', 'https://api.edmodo.com/users/1118481/avatar?type=small&u=dl37i92vt5gab2g7q8gc0l4w7', 'Understanding fractions conceptually, using operations with fractions, and converting fractions.', 0.0, 0),
(329711, '2015-07-22 15:41:49', '2015-06-04', 'USD', 'Multiplying fractions', 1118481, 'Khan Academy', 0.0, 'multiplying-fractions,329711/', 'https://www.khanacademy.org/images/khan-logo-vertical-transparent.png', 'https://api.edmodo.com/users/1118481/avatar?type=small&u=dl37i92vt5gab2g7q8gc0l4w7', 'What is 2/3 of 2/3? If 4/7 of the class are boys, how many boys are there? Multiplying fractions is not only super-useful, but super-fun as well.', 0.0, 0),
(329721, '2015-07-22 15:41:48', '2015-06-04', 'USD', 'Dividing fractions by fractions', 1118481, 'Khan Academy', 0.0, 'dividing-fractions-by-fractions,329721/', 'https://www.khanacademy.org/images/khan-logo-vertical-transparent.png', 'https://api.edmodo.com/users/1118481/avatar?type=small&u=dl37i92vt5gab2g7q8gc0l4w7', 'In this tutorial, we''ll become fraction dividing experts! In particular, we''ll understand what it means to divide a fraction by another fraction. Too much fun!!!', 0.0, 0),
(329749, '2015-07-22 15:41:49', '2015-06-04', 'USD', 'Equivalent fractions', 1118481, 'Khan Academy', 0.0, 'equivalent-fractions,329749/', 'https://www.khanacademy.org/images/khan-logo-vertical-transparent.png', 'https://api.edmodo.com/users/1118481/avatar?type=small&u=dl37i92vt5gab2g7q8gc0l4w7', 'There are literally infinite ways to represent any fraction (or number for that matter). Don''t believe us? Let''s take 1/3. 2/6, 3/9, 4/12 ... 10001/30003 are all equivalent fractions (and we could keep going)! If you know the basics of what a fraction is, this is a great tutorial for recognizing when fractions are equivalent and then simplifying them as much as possible!', 0.0, 0),
(329771, '2015-07-22 15:41:49', '2015-06-04', 'USD', 'Understanding fractions', 1118481, 'Khan Academy', 0.0, 'understanding-fractions,329771/', 'https://www.khanacademy.org/images/khan-logo-vertical-transparent.png', 'https://api.edmodo.com/users/1118481/avatar?type=small&u=dl37i92vt5gab2g7q8gc0l4w7', 'If you don''t understand fractions, you won''t be even 1/3 educated. Glasses will seem half empty rather than half full. You''ll be lucky to not be duped into some type of shady real-estate scheme or putting far too many eggs in your cake batter. Good thing this tutorial is here. You''ll see that fractions allow us to view the world in entirely new ways. You''ll see that everything doesn''t have to be a whole. You''ll be able to slice and dice and then put it all back together (and if you order now, we''ll throw in a spatula warmer for no extra charge).', 0.0, 0),
(329797, '2015-07-22 15:41:49', '2015-06-04', 'USD', 'Comparing fractions', 1118481, 'Khan Academy', 0.0, 'comparing-fractions,329797/', 'https://www.khanacademy.org/images/khan-logo-vertical-transparent.png', 'https://api.edmodo.com/users/1118481/avatar?type=small&u=dl37i92vt5gab2g7q8gc0l4w7', 'In this tutorial, we''ll practice understanding what quantities fractions actually represent and comparing those to each other.', 0.0, 0),
(329805, '2015-07-22 15:41:49', '2015-06-04', 'USD', 'Decomposing fractions', 1118481, 'Khan Academy', 0.0, 'decomposing-fractions,329805/', 'https://www.khanacademy.org/images/khan-logo-vertical-transparent.png', 'https://api.edmodo.com/users/1118481/avatar?type=small&u=dl37i92vt5gab2g7q8gc0l4w7', 'In this tutorial, we''ll see that a fraction can be broken up (or decomposed) into a bunch of other fractions. You might see the world in a completely different way after this.', 0.0, 0),
(329815, '2015-07-22 15:41:48', '2015-06-04', 'USD', 'Fractions', 1118481, 'Khan Academy', 0.0, 'fractions,329815/', 'https://www.khanacademy.org/images/khan-logo-vertical-transparent.png', 'https://api.edmodo.com/users/1118481/avatar?type=small&u=dl37i92vt5gab2g7q8gc0l4w7', 'Fractions', 0.0, 0),
(329823, '2015-07-22 15:41:48', '2015-06-04', 'USD', 'Dividing fractions by fractions', 1118481, 'Khan Academy', 0.0, 'dividing-fractions-by-fractions,329823/', 'https://www.khanacademy.org/images/khan-logo-vertical-transparent.png', 'https://api.edmodo.com/users/1118481/avatar?type=small&u=dl37i92vt5gab2g7q8gc0l4w7', 'In this tutorial, we''ll become fraction dividing experts! In particular, we''ll understand what it means to divide a fraction by another fraction. Too much fun!!!', 0.0, 0),
(329841, '2015-07-22 15:41:49', '2015-06-04', 'USD', 'Multiplying fractions', 1118481, 'Khan Academy', 0.0, 'multiplying-fractions,329841/', 'https://www.khanacademy.org/images/khan-logo-vertical-transparent.png', 'https://api.edmodo.com/users/1118481/avatar?type=small&u=dl37i92vt5gab2g7q8gc0l4w7', 'What is 2/3 of 2/3? If 4/7 of the class are boys, how many boys are there? Multiplying fractions is not only super-useful, but super-fun as well.', 0.0, 0),
(329877, '2015-07-22 15:41:49', '2015-06-04', 'USD', 'Equivalent fractions', 1118481, 'Khan Academy', 0.0, 'equivalent-fractions,329877/', 'http://img.youtube.com/vi/U2ovEuEUxXQ/0.jpg', 'https://api.edmodo.com/users/1118481/avatar?type=small&u=dl37i92vt5gab2g7q8gc0l4w7', 'Introduces the concept of equivalent fractions', 0.0, 0),
(329949, '2015-07-22 15:41:49', '2015-06-04', 'USD', 'Comparing fractions', 1118481, 'Khan Academy', 0.0, 'comparing-fractions,329949/', 'http://img.youtube.com/vi/Io9i1JkKgN4/0.jpg', 'https://api.edmodo.com/users/1118481/avatar?type=small&u=dl37i92vt5gab2g7q8gc0l4w7', 'Comparing Fractions', 0.0, 0),
(330107, '2015-07-22 15:41:48', '2015-06-04', 'USD', 'Fractions', 1118481, 'Khan Academy', 0.0, 'fractions,330107/', 'https://www.khanacademy.org/images/khan-logo-vertical-transparent.png', 'https://api.edmodo.com/users/1118481/avatar?type=small&u=dl37i92vt5gab2g7q8gc0l4w7', 'This tutorial will help to review arithmetic with fractions', 0.0, 0),
(330813, '2015-07-22 15:41:50', '2015-06-04', 'USD', 'Fractional exponents', 1118481, 'Khan Academy', 0.0, 'fractional-exponents,330813/', 'https://www.khanacademy.org/images/khan-logo-vertical-transparent.png', 'https://api.edmodo.com/users/1118481/avatar?type=small&u=dl37i92vt5gab2g7q8gc0l4w7', 'If you''re familiar with taking square roots and cube roots (and other roots), then you''re ready to see that we can also express these as exponents in ways that are consistent with the exponent properties you know and love!', 0.0, 0),
(332159, '2015-07-22 15:41:38', '2015-06-04', 'USD', 'Matrices', 1118481, 'Khan Academy', 0.0, 'matrices,332159/', 'https://www.khanacademy.org/images/khan-logo-vertical-transparent.png', 'https://api.edmodo.com/users/1118481/avatar?type=small&u=dl37i92vt5gab2g7q8gc0l4w7', 'Matrices', 0.0, 0),
(332877, '2015-07-22 15:41:38', '2015-06-04', 'USD', 'Matrices', 1118481, 'Khan Academy', 0.0, 'matrices,332877/', 'https://www.khanacademy.org/images/khan-logo-vertical-transparent.png', 'https://api.edmodo.com/users/1118481/avatar?type=small&u=dl37i92vt5gab2g7q8gc0l4w7', 'Understanding and solving matrices.', 0.0, 0),
(334689, '2015-07-22 15:41:37', '2015-06-04', 'USD', 'Recreational math', 1118481, 'Khan Academy', 0.0, 'recreational-math,334689/', 'https://www.khanacademy.org/images/khan-logo-vertical-transparent.png', 'https://api.edmodo.com/users/1118481/avatar?type=small&u=dl37i92vt5gab2g7q8gc0l4w7', 'Recreational math', 0.0, 0),
(334771, '2015-07-22 15:41:37', '2015-06-04', 'USD', 'Thanksgiving math', 1118481, 'Khan Academy', 0.0, 'thanksgiving-math,334771/', 'https://www.khanacademy.org/images/khan-logo-vertical-transparent.png', 'https://api.edmodo.com/users/1118481/avatar?type=small&u=dl37i92vt5gab2g7q8gc0l4w7', 'Mathed potatoes, Borromean onion rings, green bean matheroles and Turduckenen-duckenen (yes, you read that right)', 0.0, 0),
(334787, '2015-07-22 15:41:37', '2015-06-04', 'USD', 'Math warmups', 1118481, 'Khan Academy', 0.0, 'math-warmups,334787/', 'https://www.khanacademy.org/images/khan-logo-vertical-transparent.png', 'https://api.edmodo.com/users/1118481/avatar?type=small&u=dl37i92vt5gab2g7q8gc0l4w7', 'Introducing key concepts using physical analogies', 0.0, 0),
(334797, '2015-07-22 15:41:37', '2015-06-04', 'USD', 'Math contests', 1118481, 'Khan Academy', 0.0, 'math-contests,334797/', 'https://www.khanacademy.org/images/khan-logo-vertical-transparent.png', 'https://api.edmodo.com/users/1118481/avatar?type=small&u=dl37i92vt5gab2g7q8gc0l4w7', 'Problems from prestigious American middle and high school competitions.', 0.0, 0),
(334885, '2015-07-22 15:41:48', '2015-06-04', 'USD', 'Fractal fractions', 1118481, 'Khan Academy', 0.0, 'fractal-fractions,334885/', 'http://img.youtube.com/vi/a5z-OEIfw3s/0.jpg', 'https://api.edmodo.com/users/1118481/avatar?type=small&u=dl37i92vt5gab2g7q8gc0l4w7', 'How to make snazzy-lookin'' fractal equations using simple algebra. For more abacabadabacaba: http://www.abacaba.org/ and http://books.google.com/books?id=QpPlxwSa8akC&pg=PA60&lpg=PA60&dq=abacabadabacaba+%22martin+gardner%22&source=bl&ots=92eAyvrZGV&sig=J2uvF2DAyn9kY8nSarSy-XIXW74&hl=en&sa=X&ei=Np45T4K9GYixiQK92NG2Bg&ved=0CCEQ6AEwAA#v=onepage&q&f=false', 0.0, 0),
(335759, '2015-07-22 15:41:46', '2015-06-04', 'USD', 'Middle empire', 1118481, 'Khan Academy', 0.0, 'middle-empire,335759/', 'https://www.khanacademy.org/images/khan-logo-vertical-transparent.png', 'https://api.edmodo.com/users/1118481/avatar?type=small&u=dl37i92vt5gab2g7q8gc0l4w7', 'The imperial system of the Roman Empire depended heavily on the personality and standing of the emperor himself. The reigns of weak or unpopular emperors often ended in bloodshed at Rome and chaos throughout the empire as a whole. In the third century C.E. the very existence of the empire was threatened by a combination of economic crisis, weak and short-lived emperors and usurpers (and the violent civil wars between their rival supporting armies), and massive barbarian penetration into Roman territory.', 0.0, 0),
(336075, '2015-07-22 15:41:46', '2015-06-04', 'USD', 'Ilkhanid Mihrab', 1118481, 'Khan Academy', 0.0, 'ilkhanid-mihrab,336075/', 'http://img.youtube.com/vi/hXNFjOhrihI/0.jpg', 'https://api.edmodo.com/users/1118481/avatar?type=small&u=dl37i92vt5gab2g7q8gc0l4w7', 'Mihrab (prayer niche), 1354--55 (A.H. 755), just after the Ilkhanid period, Isfahan, Iran, polychrome glazed tiles, 135-1/16 x 113-11/16 inches / 343.1 x 288.7 cm (Metropolitan Museum of Art, New York). Speakers: Dr. Elizabeth Macaulay Lewis and Dr. Steven Zucker', 0.0, 0),
(336205, '2015-07-22 15:41:43', '2015-06-04', 'USD', 'Michelangelo', 1118481, 'Khan Academy', 0.0, 'michelangelo,336205/', 'https://www.khanacademy.org/images/khan-logo-vertical-transparent.png', 'https://api.edmodo.com/users/1118481/avatar?type=small&u=dl37i92vt5gab2g7q8gc0l4w7', 'Michelangelo', 0.0, 0),
(336229, '2015-07-22 15:41:46', '2015-06-04', 'USD', 'Michelangelo, Piet', 1118481, 'Khan Academy', 0.0, 'michelangelo-piet,336229/', 'http://img.youtube.com/vi/JbWGusfynCw/0.jpg', 'https://api.edmodo.com/users/1118481/avatar?type=small&u=dl37i92vt5gab2g7q8gc0l4w7', 'Michelangelo, Piet, marble, 1498-1500 (Saint Peter''s Basilica, Rome) Speakers: Dr. Beth Harris and Dr. Steven Zucker. ThePietwas a popular subject among northern european artists. It means Pity or Compassion, and represents Mary sorrowfully contemplating the dead body of her son which she holds on her lap. This sculpture was commissioned by a French Cardinal living in Rome. Look closely and see how Michelangelo made marble seem like flesh, and look at those complicated folds of drapery. It is important here to remember how sculpture is made. It was a messy, rather loud process (which is one of the reasons that Leonardo claimed that painting was superior to sculpture!). Just like painters often mixed their own paint, Michelangelo forged many of his own tools, and often participated in the quarrying of his marble -- a dangerous job. When we look at the extraordinary representation of the human body here we remember that Michelangelo, like Leonardo before him, had dissected cadavers to understand how the body worked. ', 0.0, 0),
(336241, '2015-07-22 15:41:46', '2015-06-04', 'USD', 'Michelangelo, Moses', 1118481, 'Khan Academy', 0.0, 'michelangelo-moses,336241/', 'http://img.youtube.com/vi/pnBbFIxCIGw/0.jpg', 'https://api.edmodo.com/users/1118481/avatar?type=small&u=dl37i92vt5gab2g7q8gc0l4w7', 'Michelangelo, Moses, marble, ca. 1513-15 (San Pietro in Vincoli, Rome) Speakers: Dr. Beth Harris, Dr. Steven Zucker.  Usually considered unfinished, these sculptures were originally intended for the tomb of Pope Julius II. According to the Louvre, the artist gave the marbles to Roberto Strozzi who presented them to the King of France. ', 0.0, 0),
(336621, '2015-07-22 15:41:43', '2015-06-04', 'USD', 'Mixtec', 1118481, 'Khan Academy', 0.0, 'mixtec,336621/', 'https://www.khanacademy.org/images/khan-logo-vertical-transparent.png', 'https://api.edmodo.com/users/1118481/avatar?type=small&u=dl37i92vt5gab2g7q8gc0l4w7', 'Explore a rare and important codex about the Mixtec region and the ruler Eight Deer-Jaguar Claw.', 0.0, 0),
(337661, '2015-07-22 15:41:43', '2015-06-04', 'USD', 'Micronesia', 1118481, 'Khan Academy', 0.0, 'micronesia,337661/', 'https://www.khanacademy.org/images/khan-logo-vertical-transparent.png', 'https://api.edmodo.com/users/1118481/avatar?type=small&u=dl37i92vt5gab2g7q8gc0l4w7', 'The word Micronesia comes from the Greek and means "small" and "island." It contains the island groups north of Melanesia and east of the Philippines including the Mariana, Caroline, Marshall and Kiribati islands.', 0.0, 0),
(337685, '2015-07-22 15:41:43', '2015-06-04', 'USD', 'Microeconomics', 1118481, 'Khan Academy', 0.0, 'microeconomics,337685/', 'https://www.khanacademy.org/images/khan-logo-vertical-transparent.png', 'https://api.edmodo.com/users/1118481/avatar?type=small&u=dl37i92vt5gab2g7q8gc0l4w7', 'Topics covered in a traditional college level introductory microeconomics course', 0.0, 0),
(339207, '2015-07-22 15:41:41', '2015-06-04', 'USD', 'Mitosis', 1118481, 'Khan Academy', 0.0, 'mitosis,339207/', 'http://img.youtube.com/vi/TKGcfbyFXsw/0.jpg', 'https://api.edmodo.com/users/1118481/avatar?type=small&u=dl37i92vt5gab2g7q8gc0l4w7', 'Phases of mitosis: prophase, metaphase, anaphase, telophase', 0.0, 0),
(339287, '2015-07-22 15:41:41', '2015-06-04', 'USD', 'Comparing Mitosis and Meiosis', 1118481, 'Khan Academy', 0.0, 'comparing-mitosis-and-meiosis,339287/', 'http://img.youtube.com/vi/IQJ4DBkCnco/0.jpg', 'https://api.edmodo.com/users/1118481/avatar?type=small&u=dl37i92vt5gab2g7q8gc0l4w7', 'Comparing Mitosis and Meiosis', 0.0, 0),
(339447, '2015-07-22 15:41:42', '2015-06-04', 'USD', 'Mitosis: Splitting up is complicated', 1118481, 'Khan Academy', 0.0, 'mitosis-splitting-up-is-complicated,339447/', 'http://img.youtube.com/vi/X1bmedVziGw/0.jpg', 'https://api.edmodo.com/users/1118481/avatar?type=small&u=dl37i92vt5gab2g7q8gc0l4w7', 'Hank describes mitosis and cytokinesis - the series of processes our cells go through to divide into two identical copies. ', 0.0, 0),
(342115, '2015-07-22 15:41:42', '2015-06-04', 'USD', 'Mitral stenosis', 1118481, 'Khan Academy', 0.0, 'mitral-stenosis,342115/', 'http://img.youtube.com/vi/0k0iKKF2-Do/0.jpg', 'https://api.edmodo.com/users/1118481/avatar?type=small&u=dl37i92vt5gab2g7q8gc0l4w7', 'Mitral stenosis', 0.0, 0),
(342219, '2015-07-22 15:41:42', '2015-06-04', 'USD', 'Mitral valve regurgitation and mitral valve prolapse', 1118481, 'Khan Academy', 0.0, 'mitral-valve-regurgitation-and-mitral-valve-prolapse,342219/', 'http://img.youtube.com/vi/Bjnw_jwDt1Q/0.jpg', 'https://api.edmodo.com/users/1118481/avatar?type=small&u=dl37i92vt5gab2g7q8gc0l4w7', 'Mitral valve regurgitation and mitral valve prolapse', 0.0, 0),
(342505, '2015-07-22 15:41:43', '2015-06-04', 'USD', 'Microglia', 1118481, 'Khan Academy', 0.0, 'microglia,342505/', 'http://img.youtube.com/vi/mw-rwhpAQe4/0.jpg', 'https://api.edmodo.com/users/1118481/avatar?type=small&u=dl37i92vt5gab2g7q8gc0l4w7', 'This video describes the structure and function of microglia. By Matt Jensen. ', 0.0, 0),
(343005, '2015-07-22 15:41:43', '2015-06-04', 'USD', 'Miscellaneous', 1118481, 'Khan Academy', 0.0, 'miscellaneous,343005/', 'https://www.khanacademy.org/images/khan-logo-vertical-transparent.png', 'https://api.edmodo.com/users/1118481/avatar?type=small&u=dl37i92vt5gab2g7q8gc0l4w7', 'Enjoy!', 0.0, 0),
(343167, '2015-07-22 15:41:37', '2015-06-04', 'USD', 'Math block', 1118481, 'Khan Academy', 0.0, 'math-block,343167/', 'http://img.youtube.com/vi/fJHFM2dOmiY/0.jpg', 'https://api.edmodo.com/users/1118481/avatar?type=small&u=dl37i92vt5gab2g7q8gc0l4w7', 'Math blocks allow you to scale values (and much more!)', 0.0, 0),
(343449, '2015-07-22 15:41:42', '2015-06-04', 'USD', 'MIT 2012 Commencement Address', 1118481, 'Khan Academy', 0.0, 'mit-2012-commencement-address,343449/', 'http://img.youtube.com/vi/Pn24jP0YbTI/0.jpg', 'https://api.edmodo.com/users/1118481/avatar?type=small&u=dl37i92vt5gab2g7q8gc0l4w7', 'Salman Khan gives commencement address at MIT (2012)', 0.0, 0),
(345209, '2015-07-22 15:41:42', '2015-06-04', 'USD', 'Mitochondria, apoptosis, and oxidative stress', 1118481, 'Khan Academy', 0.0, 'mitochondria-apoptosis-and-oxidative-stress,345209/', 'http://img.youtube.com/vi/3eL_6VWexuk/0.jpg', 'https://api.edmodo.com/users/1118481/avatar?type=small&u=dl37i92vt5gab2g7q8gc0l4w7', 'Mitochondria, apoptosis, and oxidative stress', 0.0, 0),
(345293, '2015-07-22 15:41:43', '2015-06-04', 'USD', 'Microtubules', 1118481, 'Khan Academy', 0.0, 'microtubules,345293/', 'http://img.youtube.com/vi/-qV__tYb4c4/0.jpg', 'https://api.edmodo.com/users/1118481/avatar?type=small&u=dl37i92vt5gab2g7q8gc0l4w7', 'Microtubules', 0.0, 0),
(345373, '2015-07-22 15:41:42', '2015-06-04', 'USD', 'Mitochondria, apoptosis, and oxidative stress', 1118481, 'Khan Academy', 0.0, 'mitochondria-apoptosis-and-oxidative-stress,345373/', 'http://img.youtube.com/vi/0v1C5x1ALI8/0.jpg', 'https://api.edmodo.com/users/1118481/avatar?type=small&u=dl37i92vt5gab2g7q8gc0l4w7', 'Visit us (http://www.khanacademy.org/science/healthcare-and-medicine) for health and medicine content or (http://www.khanacademy.org/test-prep/mcat) for MCAT related content. These videos do not provide medical advice and are for informational purposes only. The videos are not intended to be a substitute for professional medical advice, diagnosis or treatment. Always seek the advice of a qualified health provider with any questions you may have regarding a medical condition. Never disregard professional medical advice or delay in seeking it because of something you have read or seen in any Khan Academy video.', 0.0, 0),
(345441, '2015-07-22 15:41:42', '2015-06-04', 'USD', 'Mitochondria', 1118481, 'Khan Academy', 0.0, 'mitochondria,345441/', 'http://img.youtube.com/vi/K7IxN3EDqm4/0.jpg', 'https://api.edmodo.com/users/1118481/avatar?type=small&u=dl37i92vt5gab2g7q8gc0l4w7', 'Visit us (http://www.khanacademy.org/science/healthcare-and-medicine) for health and medicine content or (http://www.khanacademy.org/test-prep/mcat) for MCAT related content. These videos do not provide medical advice and are for informational purposes only. The videos are not intended to be a substitute for professional medical advice, diagnosis or treatment. Always seek the advice of a qualified health provider with any questions you may have regarding a medical condition. Never disregard professional medical advice or delay in seeking it because of something you have read or seen in any Khan Academy video.', 0.0, 0),
(346269, '2015-07-22 15:41:37', '2015-06-04', 'USD', 'GMAT: Math 4', 1118481, 'Khan Academy', 0.0, 'gmat-math-4,346269/', 'http://img.youtube.com/vi/X58FV7MwdbY/0.jpg', 'https://api.edmodo.com/users/1118481/avatar?type=small&u=dl37i92vt5gab2g7q8gc0l4w7', '20-23, pgs. 154-155', 0.0, 0),
(346271, '2015-07-22 15:41:37', '2015-06-04', 'USD', 'GMAT: Math 1', 1118481, 'Khan Academy', 0.0, 'gmat-math-1,346271/', 'http://img.youtube.com/vi/jciijU8Mj_Y/0.jpg', 'https://api.edmodo.com/users/1118481/avatar?type=small&u=dl37i92vt5gab2g7q8gc0l4w7', '1-6, pg. 152', 0.0, 0),
(346277, '2015-07-22 15:41:37', '2015-06-04', 'USD', 'GMAT: Math 2', 1118481, 'Khan Academy', 0.0, 'gmat-math-2,346277/', 'http://img.youtube.com/vi/UlHo2cxKA84/0.jpg', 'https://api.edmodo.com/users/1118481/avatar?type=small&u=dl37i92vt5gab2g7q8gc0l4w7', '7-11, pg. 153', 0.0, 0),
(346279, '2015-07-22 15:41:37', '2015-06-04', 'USD', 'GMAT: Math 6', 1118481, 'Khan Academy', 0.0, 'gmat-math-6,346279/', 'http://img.youtube.com/vi/Q59w-ACX30M/0.jpg', 'https://api.edmodo.com/users/1118481/avatar?type=small&u=dl37i92vt5gab2g7q8gc0l4w7', '30-35, pg. 156', 0.0, 0),
(346285, '2015-07-22 15:41:37', '2015-06-04', 'USD', 'GMAT: Math 9', 1118481, 'Khan Academy', 0.0, 'gmat-math-9,346285/', 'http://img.youtube.com/vi/HkBFunEh8iY/0.jpg', 'https://api.edmodo.com/users/1118481/avatar?type=small&u=dl37i92vt5gab2g7q8gc0l4w7', '49-54, pgs. 158-159', 0.0, 0),
(346289, '2015-07-22 15:41:37', '2015-06-04', 'USD', 'GMAT: Math 5', 1118481, 'Khan Academy', 0.0, 'gmat-math-5,346289/', 'http://img.youtube.com/vi/fRTx45FJWto/0.jpg', 'https://api.edmodo.com/users/1118481/avatar?type=small&u=dl37i92vt5gab2g7q8gc0l4w7', '24-29, pgs. 155-156', 0.0, 0),
(346293, '2015-07-22 15:41:37', '2015-06-04', 'USD', 'GMAT: Math 7', 1118481, 'Khan Academy', 0.0, 'gmat-math-7,346293/', 'http://img.youtube.com/vi/HqiBo62O8bk/0.jpg', 'https://api.edmodo.com/users/1118481/avatar?type=small&u=dl37i92vt5gab2g7q8gc0l4w7', '36-41, pgs. 156-157', 0.0, 0),
(346315, '2015-07-22 15:41:38', '2015-06-04', 'USD', 'GMAT: Math 3', 1118481, 'Khan Academy', 0.0, 'gmat-math-3,346315/', 'http://img.youtube.com/vi/G8s3SkAm-gM/0.jpg', 'https://api.edmodo.com/users/1118481/avatar?type=small&u=dl37i92vt5gab2g7q8gc0l4w7', '12-19, pgs. 153-154', 0.0, 0),
(346317, '2015-07-22 15:41:38', '2015-06-04', 'USD', 'GMAT: Math 8', 1118481, 'Khan Academy', 0.0, 'gmat-math-8,346317/', 'http://img.youtube.com/vi/yZtpr_curdc/0.jpg', 'https://api.edmodo.com/users/1118481/avatar?type=small&u=dl37i92vt5gab2g7q8gc0l4w7', '42-48, pgs. 157-158', 0.0, 0),
(347011, '2015-07-22 15:41:43', '2015-06-04', 'USD', 'Micronesia', 1118481, 'Khan Academy', 0.0, 'micronesia,347011/', 'https://www.khanacademy.org/images/khan-logo-vertical-transparent.png', 'https://api.edmodo.com/users/1118481/avatar?type=small&u=dl37i92vt5gab2g7q8gc0l4w7', 'Explore the cultures of the islands that constitute Micronesia through the collections of The British Museum.', 0.0, 0),
(347133, '2015-07-22 15:41:38', '2015-06-04', 'USD', 'Math Practice, Grade 2, level 1B (Singapore Math)', 71136387, 'Amazon Inc.', 10.0, 'math-practice-grade-2-level-1b-singapore-math,347133/', 'http://ecx.images-amazon.com/images/I/51wjGN-nrnL.jpg', 'https://api.edmodo.com/users/71136387/avatar?type=small&u=8b1bjlb2w1asrkbf4uef1ihfy', 'Welcome to Singapore Math the leading math program in the world! This workbook features math practice and activities for first and second grade students based on the Singapore Math method. Level A is designed for the first semester and Level B is for the second. An introduction at the front of each book explains Singapore Math and its common problem types. Each unit has learning objectives, which clearly define the skills to be learned in that section, and an answer key with step-by-step worked out solutions that help students see how to work the problems. This book is perfect for students familiar with Singapore Math and for those who just need extra math practice! --Directly correlated to Singapore Math textbooks, this comprehensive practice series allows learners to practice various types of math problems while developing their thinking and analytical skills. Learning objectives and unit assessments are included to ensure that students obtain a thorough understanding of each concept. Perfect as a supplement to classroom work or as a homeschool resource, these workbooks will boost confidence in problem-solving and critical-thinking skills.', 3.7, 9),
(347989, '2015-07-22 15:41:38', '2015-06-04', 'USD', 'Materials', 1118481, 'Khan Academy', 0.0, 'materials,347989/', 'https://www.khanacademy.org/images/khan-logo-vertical-transparent.png', 'https://api.edmodo.com/users/1118481/avatar?type=small&u=dl37i92vt5gab2g7q8gc0l4w7', 'Watch fun, educational videos on all sorts of Materials, how they''re created and what they can do.', 0.0, 0),
(348071, '2015-07-22 15:41:42', '2015-06-04', 'USD', 'MIT+K12', 1118481, 'Khan Academy', 0.0, 'mitk12,348071/', 'https://www.khanacademy.org/images/khan-logo-vertical-transparent.png', 'https://api.edmodo.com/users/1118481/avatar?type=small&u=dl37i92vt5gab2g7q8gc0l4w7', 'MIT+K12 is collaborating with Khan Academy to provide experiential materials to complement their virtual offerings.', 0.0, 0),
(351265, '2015-07-22 15:41:37', '2015-06-09', 'USD', 'FRANAIS / MATH', 12468613, 'Rjean', 0.0, 'franais-math,351265/', 'https://spotlight.edmodo.com/static/img/subject_23.jpg', 'https://api.edmodo.com/users/12468613/avatar?type=small&u=982c54iigrkxx9okn7a4ldi6h', 'TOUS LES NIVEAUX', 0.0, 0),
(351267, '2015-07-22 15:41:36', '2015-06-09', 'USD', 'MATHMATIQUE', 12468613, 'Rjean', 0.0, 'mathmatique,351267/', 'https://spotlight.edmodo.com/static/img/subject_39.jpg', 'https://api.edmodo.com/users/12468613/avatar?type=small&u=982c54iigrkxx9okn7a4ldi6h', 'JEUX D''ARCADE', 0.0, 0),
(351269, '2015-07-22 15:41:36', '2015-06-09', 'USD', 'MATH', 12468613, 'Rjean', 0.0, 'math,351269/', 'https://spotlight.edmodo.com/static/img/subject_39.jpg', 'https://api.edmodo.com/users/12468613/avatar?type=small&u=982c54iigrkxx9okn7a4ldi6h', 'JEUX D''ARCADE', 0.0, 0),
(351527, '2015-07-22 15:41:37', '2015-06-12', 'USD', 'Math Games', 70492427, 'TeachMe', 0.0, 'math-games,351527/', 'https://media-market.edmodo.com/media/public/7390071e9e0eaa5fd79c6509f5909ed8f94f2d9e.png', 'https://api.edmodo.com/users/70492427/avatar?type=small&u=4myfp3c2vh1v232bv0bwgbtbt', 'Math Games allows students to practice math skills in over 1200 different ways, with more than 1.5 million questions. It also provides detailed progress reports and student/classroom management tools that allow educators to focus on what matters most  teaching', 5.0, 2),
(353539, '2015-07-22 15:41:36', '2015-06-26', 'USD', 'Math', 18530850, 'Thooi Joo', 0.0, 'math,353539/', 'https://spotlight.edmodo.com/static/img/subject_39.jpg', 'https://api.edmodo.com/users/18530850/avatar?type=small&u=6b5jbswd1w17xyjitwa4w1qwl', 'KS1', 0.0, 0),
(354157, '2015-07-22 15:41:42', '2015-06-28', 'USD', 'MIT App Inventor 2', 7303786, '????????', 0.0, 'mit-app-inventor-2,354157/', 'https://media-market.edmodo.com/media/public/f493f00a0f1b87da77ee5bbbbb0d4eee3648a51a.jpeg', 'https://api.edmodo.com/users/7303786/avatar?type=small&u=3n9hthts9dxse3uq11kewrpsq', 'App Inventor ????????? ? ?????? ?? ???????????? ???????? ?????????? ?? ??????? ??????????? ???????. \n? ???? ?????????? ?? ????????? ???? ?? ???????? ?????? ?? ???? ????????? ? ????????.', 0.0, 0),
(354229, '2015-07-22 15:41:49', '2015-06-29', 'USD', 'Adding Fractions', 40697607, 'Kristy', 0.0, 'adding-fractions,354229/', 'https://media-market.edmodo.com/media/public/8cacfd9cb0942bb6d3c3022c90ce13771067409c.png', 'https://api.edmodo.com/users/40697607/avatar?type=small&u=8psz67923gh661atii08sz8dl', 'This six minute video explains how to add fractions with and without common denominators.\n\nA second video is at https://www.youtube.com/watch?v=Pyo5MCfFepM .', 0.0, 0),
(354235, '2015-07-22 15:41:49', '2015-06-29', 'USD', 'Simplifying Fractions', 40697607, 'Kristy', 0.0, 'simplifying-fractions,354235/', 'https://media-market.edmodo.com/media/public/0a3afd7c7d3828b6b28df30c27b28c218d7dc856.png', 'https://api.edmodo.com/users/40697607/avatar?type=small&u=8psz67923gh661atii08sz8dl', 'This four minute video explains how to simplify fractions.  \n\nA follow up video is at https://www.youtube.com/watch?v=E2X2T_Us3SM.', 0.0, 0),
(355807, '2015-07-22 15:41:50', '2015-07-11', 'USD', 'Fraction Worksheet', 58623801, 'CodeCoop/Mathyogi', 1.0, 'fraction-worksheet,355807/', 'https://media-market.edmodo.com/media/public/867d216803541b8238d8edd0c29c526792a9e0c2.jpeg', 'https://api.edmodo.com/users/58623801/avatar?type=small&u=73k9g10nle6fuyd5v1hj3saza', 'Colorful fraction introduction worksheets.', 5.0, 1),
(356037, '2015-07-22 15:41:49', '2015-07-14', 'USD', 'Equivalent Fractions', 74433287, 'Team', 0.0, 'equivalent-fractions,356037/', 'https://media-market.edmodo.com/media/public/0e28e3f424e7974ca3848967fd0727fabdf36d58.jpeg', 'https://api.edmodo.com/users/74433287/avatar?type=small&u=9q62s52admfz5acdh6imc47w6', 'This PDF is of a Nearpod presentation about Equivalent Fractions which you can view in its entirety at http://npps.co/equivfracts. It will give you a glimpse of what you can expect from Nearpod and its capabilities to enhance your classroom experience. Via this presentation your students will learn about equivalent fractions. Math. Elementary School. Age: 8+', 0.0, 0),
(356271, '2015-07-22 15:41:42', '2015-07-15', 'USD', 'MIT TechTV Rocket Science video', 18699569, 'Gaby', 0.0, 'mit-techtv-rocket-science-video,356271/', 'https://media-market.edmodo.com/media/public/5372ee4a9a52f33f02d5319726b793bb1687934a.png', 'https://api.edmodo.com/users/18699569/avatar?type=small&u=25tgzuwrrbrh5jnbq8982ixz4', 'MIT+K12 Videos is an original web series from MIT showcasing real science and real scientists. This  video covers rocket propulsion and discusses conservation of momentum.', 0.0, 0),
(356299, '2015-07-22 15:41:49', '2015-07-15', 'USD', 'Equivalent Fractions', 12489710, 'Andrea', 0.0, 'equivalent-fractions,356299/', 'https://media-market.edmodo.com/media/public/722c9d3839333e51a3779fecd1b53e4be18f3e7e.jpeg', 'https://api.edmodo.com/users/12489710/avatar?type=small&u=6pczbvyhzqf52weven2zjepcz', 'Students will solve the word problem to determine whether equivalent work was done, use reasoning to support their answer, and give a pictorial representation.', 0.0, 0),
(356431, '2015-07-22 15:41:49', '2015-07-16', 'USD', 'Basic Fractions', 74433287, 'Nearpod', 0.0, 'basic-fractions,356431/', 'https://media-market.edmodo.com/media/public/ffc50dd48118583e737f7e15cf0d3888c2afc0d5.jpeg', 'https://api.edmodo.com/users/74433287/avatar?type=small&u=9q62s52admfz5acdh6imc47w6', 'This PDF is of a Nearpod presentation about quotation marks. It will give you a glimpse of what you can expect from Nearpod and its capabilities to enhance your classroom experience. Via this presentation, you and your students will learn the uses of quotation marks in English. ELA. Elementary School. Age: 9+', 0.0, 0),
(356433, '2015-07-22 15:41:49', '2015-07-16', 'USD', 'Decomposing Fractions and Unit Fractions', 74433287, 'Nearpod', 0.0, 'decomposing-fractions-and-unit-fractions,356433/', 'https://media-market.edmodo.com/media/public/447cdb8139edb165cb823ad9f908e14ac8f73350.jpeg', 'https://api.edmodo.com/users/74433287/avatar?type=small&u=9q62s52admfz5acdh6imc47w6', 'This PDF is of a Nearpod presentation about fractions. It will give you a glimpse of what you can expect from Nearpod and its capabilities to enhance your classroom experience. Via this presentation, you and your students will explore how fractions can be decomposed in a variety of ways. Math. Elementary School. Age: 8+', 0.0, 0);

-- --------------------------------------------------------

--
-- Table structure for table `spotlight_apps_flags`
--

DROP TABLE IF EXISTS `spotlight_apps_flags`;
CREATE TABLE IF NOT EXISTS `spotlight_apps_flags` (
  `id` int(11) NOT NULL AUTO_INCREMENT,
  `updated_at` timestamp NOT NULL DEFAULT CURRENT_TIMESTAMP ON UPDATE CURRENT_TIMESTAMP,
  `app_id` bigint(50) NOT NULL,
  `flag_id` int(5) NOT NULL DEFAULT '0',
  PRIMARY KEY (`id`)
) ENGINE=InnoDB  DEFAULT CHARSET=latin1 AUTO_INCREMENT=16 ;

--
-- Dumping data for table `spotlight_apps_flags`
--

INSERT INTO `spotlight_apps_flags` (`id`, `updated_at`, `app_id`, `flag_id`) VALUES
(1, '2015-07-24 07:18:50', 291509, 1),
(2, '2015-07-24 07:18:50', 291509, 2),
(3, '2015-07-24 07:29:35', 291509, 1),
(4, '2015-07-24 14:11:00', 291513, 1),
(5, '2015-07-24 14:11:00', 291513, 2),
(6, '2015-07-24 14:13:57', 291569, 1),
(7, '2015-07-24 14:13:57', 291569, 2),
(8, '2015-07-24 14:13:57', 291569, 3),
(9, '2015-07-24 14:13:57', 291569, 4),
(10, '2015-07-24 14:14:10', 291707, 1),
(11, '2015-07-24 14:14:10', 291707, 2),
(12, '2015-07-24 14:14:32', 291513, 1),
(13, '2015-07-24 14:14:32', 291513, 2),
(14, '2015-07-24 15:32:43', 291569, 1),
(15, '2015-07-24 15:32:43', 291569, 2);

-- --------------------------------------------------------

--
-- Table structure for table `spotlight_apps_grades`
--

DROP TABLE IF EXISTS `spotlight_apps_grades`;
CREATE TABLE IF NOT EXISTS `spotlight_apps_grades` (
  `id` int(11) NOT NULL AUTO_INCREMENT,
  `app_id` bigint(50) NOT NULL,
  `grade` varchar(255) NOT NULL,
  PRIMARY KEY (`id`)
) ENGINE=InnoDB  DEFAULT CHARSET=latin1 AUTO_INCREMENT=364 ;

--
-- Dumping data for table `spotlight_apps_grades`
--

INSERT INTO `spotlight_apps_grades` (`id`, `app_id`, `grade`) VALUES
(1, 306971, 'Not Grade Specific'),
(2, 321177, '6th'),
(3, 321177, '7th'),
(4, 321179, 'Not Grade Specific'),
(5, 321663, 'Not Grade Specific'),
(6, 327237, 'Not Grade Specific'),
(7, 351267, '5th'),
(8, 351269, '5th'),
(9, 353539, 'Kindergarten'),
(10, 321913, '4th'),
(11, 321913, '5th'),
(12, 293815, '4th'),
(13, 293815, '5th'),
(14, 294207, 'Kindergarten'),
(15, 294207, '1st'),
(16, 294653, '1st'),
(17, 294653, '2nd'),
(18, 308965, '9th'),
(19, 308965, '10th'),
(20, 318771, 'Not Grade Specific'),
(21, 320821, 'Not Grade Specific'),
(22, 321217, 'Not Grade Specific'),
(23, 321817, 'Not Grade Specific'),
(24, 323459, 'Not Grade Specific'),
(25, 326027, '9th'),
(26, 326027, '10th'),
(27, 326145, 'Not Grade Specific'),
(28, 326525, 'Not Grade Specific'),
(29, 327337, 'Not Grade Specific'),
(30, 328013, '4th'),
(31, 311843, 'Not Grade Specific'),
(32, 351265, '5th'),
(33, 351527, 'Not Grade Specific'),
(34, 343167, 'Not Grade Specific'),
(35, 334689, 'Not Grade Specific'),
(36, 334771, 'Not Grade Specific'),
(37, 334787, 'Not Grade Specific'),
(38, 334797, 'Not Grade Specific'),
(39, 346269, 'Not Grade Specific'),
(40, 346271, 'Not Grade Specific'),
(41, 346277, 'Not Grade Specific'),
(42, 346279, 'Not Grade Specific'),
(43, 346285, 'Not Grade Specific'),
(44, 346289, 'Not Grade Specific'),
(45, 346293, 'Not Grade Specific'),
(46, 346315, 'Not Grade Specific'),
(47, 346317, 'Not Grade Specific'),
(48, 293091, 'Not Grade Specific'),
(49, 324787, 'Not Grade Specific'),
(50, 326201, 'Not Grade Specific'),
(51, 293945, '8th'),
(52, 301301, 'Kindergarten'),
(53, 301301, '1st'),
(54, 298181, 'Not Grade Specific'),
(55, 332159, 'Not Grade Specific'),
(56, 332877, 'Not Grade Specific'),
(57, 347989, 'Not Grade Specific'),
(58, 323547, 'Not Grade Specific'),
(59, 347133, 'Not Grade Specific'),
(60, 293701, 'Not Grade Specific'),
(61, 307309, '11th'),
(62, 307309, '12th'),
(63, 296563, 'Not Grade Specific'),
(64, 291509, 'Not Grade Specific'),
(65, 291569, 'Not Grade Specific'),
(66, 291847, 'Not Grade Specific'),
(67, 291849, 'Not Grade Specific'),
(68, 291851, 'Not Grade Specific'),
(69, 291853, 'Not Grade Specific'),
(70, 291855, 'Not Grade Specific'),
(71, 291857, 'Not Grade Specific'),
(72, 291859, 'Not Grade Specific'),
(73, 291861, 'Not Grade Specific'),
(74, 291863, 'Not Grade Specific'),
(75, 291865, 'Not Grade Specific'),
(76, 291869, 'Not Grade Specific'),
(77, 291879, 'Not Grade Specific'),
(78, 291881, 'Not Grade Specific'),
(79, 291883, 'Not Grade Specific'),
(80, 291891, 'Not Grade Specific'),
(81, 291893, 'Not Grade Specific'),
(82, 291897, 'Not Grade Specific'),
(83, 315753, 'Not Grade Specific'),
(84, 315755, 'Not Grade Specific'),
(85, 317401, '7th'),
(86, 317401, '9th'),
(87, 317781, 'Not Grade Specific'),
(88, 318125, '1st'),
(89, 318125, '2nd'),
(90, 318333, 'Not Grade Specific'),
(91, 318335, 'Not Grade Specific'),
(92, 319369, 'Not Grade Specific'),
(93, 319375, '1st'),
(94, 319375, '2nd'),
(95, 319377, '1st'),
(96, 319377, '2nd'),
(97, 319379, '1st'),
(98, 319379, '2nd'),
(99, 319381, '1st'),
(100, 319381, '2nd'),
(101, 319537, 'Not Grade Specific'),
(102, 319539, 'Not Grade Specific'),
(103, 319543, 'Not Grade Specific'),
(104, 319547, 'Not Grade Specific'),
(105, 319695, 'Not Grade Specific'),
(106, 319929, 'PreK'),
(107, 319929, 'Kindergarten'),
(108, 320421, '6th'),
(109, 320421, '7th'),
(110, 320423, '5th'),
(111, 320423, '6th'),
(112, 320509, 'Not Grade Specific'),
(113, 320511, 'Not Grade Specific'),
(114, 320895, 'Not Grade Specific'),
(115, 321733, 'Not Grade Specific'),
(116, 322841, 'Kindergarten'),
(117, 322841, '1st'),
(118, 322843, '2nd'),
(119, 322843, '3rd'),
(120, 323267, '2nd'),
(121, 323267, '3rd'),
(122, 317157, '9th'),
(123, 317157, '10th'),
(124, 339207, 'Not Grade Specific'),
(125, 311441, '9th'),
(126, 311441, '10th'),
(127, 311445, '9th'),
(128, 311445, '10th'),
(129, 323527, 'Not Grade Specific'),
(130, 309037, '9th'),
(131, 309037, '10th'),
(132, 293583, 'Not Grade Specific'),
(133, 301383, '9th'),
(134, 301383, '10th'),
(135, 309133, '9th'),
(136, 309133, '10th'),
(137, 311421, '9th'),
(138, 311421, '10th'),
(139, 311431, '9th'),
(140, 311431, '10th'),
(141, 316087, '9th'),
(142, 316087, '10th'),
(143, 317159, '9th'),
(144, 317159, '10th'),
(145, 317163, '9th'),
(146, 317163, '10th'),
(147, 311635, '9th'),
(148, 311635, '10th'),
(149, 311791, '9th'),
(150, 311791, '10th'),
(151, 313387, '9th'),
(152, 313387, '10th'),
(153, 339287, 'Not Grade Specific'),
(154, 309171, '9th'),
(155, 309171, '10th'),
(156, 315161, 'Not Grade Specific'),
(157, 314413, '9th'),
(158, 314413, '10th'),
(159, 339447, 'Not Grade Specific'),
(160, 345441, 'Not Grade Specific'),
(161, 318619, 'Not Grade Specific'),
(162, 315075, 'Not Grade Specific'),
(163, 345209, 'Not Grade Specific'),
(164, 345373, 'Not Grade Specific'),
(165, 298757, 'Not Grade Specific'),
(166, 342115, 'Not Grade Specific'),
(167, 348071, 'Not Grade Specific'),
(168, 342219, 'Not Grade Specific'),
(169, 296425, 'Not Grade Specific'),
(170, 298753, 'Not Grade Specific'),
(171, 326053, 'Not Grade Specific'),
(172, 354157, '8th'),
(173, 343449, 'Not Grade Specific'),
(174, 322511, 'Not Grade Specific'),
(175, 356271, '9th'),
(176, 356271, '10th'),
(177, 356271, '11th'),
(178, 356271, '12th'),
(179, 318621, 'Not Grade Specific'),
(180, 296771, 'Not Grade Specific'),
(181, 293507, 'Not Grade Specific'),
(182, 294699, '9th'),
(183, 302615, 'Not Grade Specific'),
(184, 304737, '7th'),
(185, 304737, '8th'),
(186, 310367, '9th'),
(187, 310367, '10th'),
(188, 318451, 'Not Grade Specific'),
(189, 324219, '4th'),
(190, 312031, '10th'),
(191, 312031, '11th'),
(192, 313941, 'Not Grade Specific'),
(193, 336205, 'Not Grade Specific'),
(194, 336621, 'Not Grade Specific'),
(195, 337661, 'Not Grade Specific'),
(196, 337685, 'Not Grade Specific'),
(197, 342505, 'Not Grade Specific'),
(198, 343005, 'Not Grade Specific'),
(199, 345293, 'Not Grade Specific'),
(200, 347011, 'Not Grade Specific'),
(201, 323537, '9th'),
(202, 323537, '10th'),
(203, 296671, 'Not Grade Specific'),
(204, 292831, '3rd'),
(205, 294117, 'Not Grade Specific'),
(206, 294513, '9th'),
(207, 294513, '10th'),
(208, 294887, '6th'),
(209, 300393, 'Not Grade Specific'),
(210, 301115, 'Not Grade Specific'),
(211, 301631, 'Not Grade Specific'),
(212, 302127, 'Not Grade Specific'),
(213, 302369, 'Not Grade Specific'),
(214, 303041, 'Not Grade Specific'),
(215, 303621, 'Not Grade Specific'),
(216, 303657, 'Not Grade Specific'),
(217, 303919, 'Not Grade Specific'),
(218, 305189, 'Not Grade Specific'),
(219, 308701, '9th'),
(220, 308701, '10th'),
(221, 309377, '9th'),
(222, 309377, '10th'),
(223, 296471, 'Not Grade Specific'),
(224, 296733, 'Not Grade Specific'),
(225, 296739, 'Not Grade Specific'),
(226, 297289, '9th'),
(227, 297289, '10th'),
(228, 297613, 'Not Grade Specific'),
(229, 298031, 'Not Grade Specific'),
(230, 298267, 'Not Grade Specific'),
(231, 298309, 'Not Grade Specific'),
(232, 298359, 'Not Grade Specific'),
(233, 310663, '9th'),
(234, 310663, '10th'),
(235, 310887, '6th'),
(236, 310887, '7th'),
(237, 295309, 'Not Grade Specific'),
(238, 295669, 'Not Grade Specific'),
(239, 296015, 'Not Grade Specific'),
(240, 296025, 'Not Grade Specific'),
(241, 309951, 'Not Grade Specific'),
(242, 316033, '9th'),
(243, 316033, '10th'),
(244, 323481, '12th'),
(245, 324727, 'Not Grade Specific'),
(246, 326233, 'Not Grade Specific'),
(247, 327729, '4th'),
(248, 335759, 'Not Grade Specific'),
(249, 336075, 'Not Grade Specific'),
(250, 336229, 'Not Grade Specific'),
(251, 336241, 'Not Grade Specific'),
(252, 291583, 'Not Grade Specific'),
(253, 291707, 'Not Grade Specific'),
(254, 315497, '3rd'),
(255, 327583, '3rd'),
(256, 327713, '4th'),
(257, 328061, '5th'),
(258, 329703, 'Not Grade Specific'),
(259, 329815, 'Not Grade Specific'),
(260, 330107, 'Not Grade Specific'),
(261, 334885, 'Not Grade Specific'),
(262, 328395, '6th'),
(263, 329721, 'Not Grade Specific'),
(264, 329823, 'Not Grade Specific'),
(265, 294021, '1st'),
(266, 294021, '2nd'),
(267, 294149, '1st'),
(268, 294149, '2nd'),
(269, 309271, '3rd'),
(270, 309271, '4th'),
(271, 295101, '3rd'),
(272, 295101, '4th'),
(273, 295147, '3rd'),
(274, 295147, '4th'),
(275, 327235, '5th'),
(276, 327569, '3rd'),
(277, 327575, '3rd'),
(278, 327621, '3rd'),
(279, 327705, '4th'),
(280, 327715, '4th'),
(281, 328069, '5th'),
(282, 329685, 'Not Grade Specific'),
(283, 329691, 'Not Grade Specific'),
(284, 329693, 'Not Grade Specific'),
(285, 329697, 'Not Grade Specific'),
(286, 329711, 'Not Grade Specific'),
(287, 329749, 'Not Grade Specific'),
(288, 329771, 'Not Grade Specific'),
(289, 329797, 'Not Grade Specific'),
(290, 329805, 'Not Grade Specific'),
(291, 329841, 'Not Grade Specific'),
(292, 329877, 'Not Grade Specific'),
(293, 329949, 'Not Grade Specific'),
(294, 354229, '3rd'),
(295, 354229, '4th'),
(296, 354235, '3rd'),
(297, 354235, '4th'),
(298, 356037, '3rd'),
(299, 356299, '4th'),
(300, 356431, '2nd'),
(301, 356433, '3rd'),
(302, 293593, '3rd'),
(303, 302043, '10th'),
(304, 302043, '11th'),
(305, 309735, '9th'),
(306, 309735, '10th'),
(307, 327595, '3rd'),
(308, 330813, 'Not Grade Specific'),
(309, 355807, '3rd'),
(310, 355807, '4th'),
(311, 292503, '3rd'),
(312, 292723, '3rd'),
(313, 293601, '5th'),
(314, 293749, '4th'),
(315, 307237, '11th'),
(316, 307237, '12th'),
(317, 308249, 'Not Grade Specific'),
(318, 309479, 'Not Grade Specific'),
(319, 309491, 'Not Grade Specific'),
(320, 295097, '3rd'),
(321, 295097, '4th'),
(322, 291513, 'Not Grade Specific'),
(323, 291517, 'Not Grade Specific'),
(324, 291581, 'Not Grade Specific'),
(325, 291587, 'Not Grade Specific'),
(326, 291709, 'Not Grade Specific'),
(327, 291715, 'Not Grade Specific'),
(328, 320695, 'Not Grade Specific'),
(329, 324195, 'Not Grade Specific'),
(330, 327519, 'Not Grade Specific'),
(331, 327581, '3rd'),
(332, 327589, '3rd'),
(333, 327613, '3rd'),
(334, 327633, '3rd'),
(335, 327635, '3rd'),
(336, 327639, '3rd'),
(337, 327691, '4th'),
(338, 327787, '4th'),
(339, 327795, 'Not Grade Specific'),
(340, 327799, '4th'),
(341, 327877, '4th'),
(342, 328011, '5th'),
(343, 328035, '5th'),
(344, 328071, '5th'),
(345, 328091, 'Not Grade Specific'),
(346, 328097, 'Not Grade Specific'),
(347, 328127, '5th'),
(348, 328145, '5th'),
(349, 328203, 'Not Grade Specific'),
(350, 328233, '5th'),
(351, 328263, 'Not Grade Specific'),
(352, 328305, '6th'),
(353, 328421, 'Not Grade Specific'),
(354, 328427, 'Not Grade Specific'),
(355, 328431, 'Not Grade Specific'),
(356, 328445, 'Not Grade Specific'),
(357, 328615, '6th'),
(358, 328709, '7th'),
(359, 328793, '7th'),
(360, 328803, '7th'),
(361, 328807, '7th'),
(362, 328847, 'Not Grade Specific'),
(363, 328881, 'Not Grade Specific');

-- --------------------------------------------------------

--
-- Table structure for table `spotlight_apps_resource_types`
--

DROP TABLE IF EXISTS `spotlight_apps_resource_types`;
CREATE TABLE IF NOT EXISTS `spotlight_apps_resource_types` (
  `id` int(11) NOT NULL AUTO_INCREMENT,
  `app_id` bigint(50) NOT NULL,
  `resource` varchar(255) NOT NULL,
  PRIMARY KEY (`id`)
) ENGINE=InnoDB  DEFAULT CHARSET=latin1 AUTO_INCREMENT=429 ;

--
-- Dumping data for table `spotlight_apps_resource_types`
--

INSERT INTO `spotlight_apps_resource_types` (`id`, `app_id`, `resource`) VALUES
(1, 306971, 'Web Link'),
(2, 306971, 'Collection'),
(3, 321177, 'Individual Lesson Plans'),
(4, 321177, 'PowerPoint Presentations'),
(5, 321179, 'Individual Lesson Plans'),
(6, 321179, 'PowerPoint Presentations'),
(7, 321663, 'Web Link'),
(8, 327237, 'Web Link'),
(9, 351267, 'Web Link'),
(10, 351269, 'Web Link'),
(11, 353539, 'Worksheets & Homework'),
(12, 321913, 'Web Link'),
(13, 293815, 'Web Link'),
(14, 293815, 'Group Activity'),
(15, 294207, 'Web Link'),
(16, 294207, 'Lesson'),
(17, 294653, 'Web Link'),
(18, 294653, 'Paper Test'),
(19, 308965, 'Web Link'),
(20, 308965, 'Exploration'),
(21, 318771, 'Web Link'),
(22, 321217, 'Individual Lesson Plans'),
(23, 321217, 'PowerPoint Presentations'),
(24, 321817, 'Teacher Manual & Resources'),
(25, 323459, 'Games & Activities'),
(26, 326027, 'Exams & Quizzes'),
(27, 326145, 'Exams & Quizzes'),
(28, 326145, 'Games & Activities'),
(29, 326145, 'Homeschool Curricula'),
(30, 326145, 'Teacher Manual & Resources'),
(31, 326145, 'Web Link'),
(32, 326525, 'Web Link'),
(33, 327337, 'Web Link'),
(34, 328013, 'Web Link'),
(35, 311843, 'Web Link'),
(36, 311843, 'Group Activity'),
(37, 351265, 'Web Link'),
(38, 351527, 'Games & Activities'),
(39, 351527, 'Web Link'),
(40, 351527, 'Summer Activity'),
(41, 343167, 'Web Link'),
(42, 334689, 'Web Link'),
(43, 334771, 'Web Link'),
(44, 334787, 'Web Link'),
(45, 334797, 'Web Link'),
(46, 346269, 'Web Link'),
(47, 346271, 'Web Link'),
(48, 346277, 'Web Link'),
(49, 346279, 'Web Link'),
(50, 346285, 'Web Link'),
(51, 346289, 'Web Link'),
(52, 346293, 'Web Link'),
(53, 346315, 'Web Link'),
(54, 346317, 'Web Link'),
(55, 293091, 'PowerPoint Presentations'),
(56, 324787, 'Web Link'),
(57, 326201, 'Web Link'),
(58, 293945, 'Web Link'),
(59, 293945, 'Lesson'),
(60, 301301, 'Web Link'),
(61, 301301, 'Worksheet'),
(62, 298181, 'Web Link'),
(63, 298181, 'Worksheet'),
(64, 332159, 'Web Link'),
(65, 332877, 'Web Link'),
(66, 347989, 'Web Link'),
(67, 323547, 'Web Link'),
(68, 347133, 'Web Link'),
(69, 293701, 'Web Link'),
(70, 293701, 'Collection'),
(71, 307309, 'Web Link'),
(72, 307309, 'Worksheet'),
(73, 296563, 'Web Link'),
(74, 296563, 'Worksheet'),
(75, 291509, 'For Parents'),
(76, 291509, 'Web Link'),
(77, 291569, 'Worksheets & Homework'),
(78, 291847, 'Worksheets & Homework'),
(79, 291849, 'Worksheets & Homework'),
(80, 291851, 'Worksheets & Homework'),
(81, 291853, 'Worksheets & Homework'),
(82, 291855, 'Worksheets & Homework'),
(83, 291857, 'Worksheets & Homework'),
(84, 291859, 'Worksheets & Homework'),
(85, 291861, 'Worksheets & Homework'),
(86, 291863, 'Worksheets & Homework'),
(87, 291865, 'Worksheets & Homework'),
(88, 291869, 'Worksheets & Homework'),
(89, 291879, 'Worksheets & Homework'),
(90, 291881, 'Worksheets & Homework'),
(91, 291883, 'Worksheets & Homework'),
(92, 291891, 'Worksheets & Homework'),
(93, 291893, 'Worksheets & Homework'),
(94, 291897, 'Worksheets & Homework'),
(95, 315753, 'Web Link'),
(96, 315753, 'Worksheet'),
(97, 315755, 'Web Link'),
(98, 315755, 'Worksheet'),
(99, 317401, 'Web Link'),
(100, 317401, 'Lesson'),
(101, 317781, 'Web Link'),
(102, 317781, 'Worksheet'),
(103, 318125, 'Web Link'),
(104, 318125, 'Lesson'),
(105, 318333, 'Web Link'),
(106, 318335, 'Games & Activities'),
(107, 318335, 'Teacher Manual & Resources'),
(108, 318335, 'Web Link'),
(109, 319369, 'Games & Activities'),
(110, 319369, 'Web Link'),
(111, 319375, 'Games & Activities'),
(112, 319377, 'Games & Activities'),
(113, 319379, 'Games & Activities'),
(114, 319381, 'Games & Activities'),
(115, 319537, 'Exams & Quizzes'),
(116, 319537, 'Homeschool Curricula'),
(117, 319537, 'Individual Lesson Plans'),
(118, 319539, 'Exams & Quizzes'),
(119, 319539, 'Homeschool Curricula'),
(120, 319539, 'Individual Lesson Plans'),
(121, 319543, 'Exams & Quizzes'),
(122, 319543, 'Homeschool Curricula'),
(123, 319543, 'Individual Lesson Plans'),
(124, 319547, 'Exams & Quizzes'),
(125, 319547, 'Homeschool Curricula'),
(126, 319547, 'Individual Lesson Plans'),
(127, 319695, 'Web Link'),
(128, 319929, 'Web Link'),
(129, 320421, 'Web Link'),
(130, 320423, 'Web Link'),
(131, 320509, 'Web Link'),
(132, 320511, 'Web Link'),
(133, 320895, 'Web Link'),
(134, 321733, 'Web Link'),
(135, 322841, 'Web Link'),
(136, 322843, 'Web Link'),
(137, 323267, 'Games & Activities'),
(138, 317157, 'Web Link'),
(139, 317157, 'Exploration'),
(140, 339207, 'Web Link'),
(141, 311441, 'Web Link'),
(142, 311441, 'Lesson'),
(143, 311445, 'Web Link'),
(144, 311445, 'Worksheet'),
(145, 323527, 'Individual Lesson Plans'),
(146, 309037, 'Web Link'),
(147, 309037, 'Exploration'),
(148, 293583, 'Web Link'),
(149, 293583, 'Exploration'),
(150, 301383, 'Web Link'),
(151, 301383, 'Exploration'),
(152, 309133, 'Web Link'),
(153, 309133, 'Worksheet'),
(154, 311421, 'Web Link'),
(155, 311421, 'Lesson'),
(156, 311431, 'Web Link'),
(157, 311431, 'Worksheet'),
(158, 316087, 'Web Link'),
(159, 316087, 'Lesson Plan'),
(160, 317159, 'Web Link'),
(161, 317159, 'Worksheet'),
(162, 317163, 'Web Link'),
(163, 317163, 'Exploration'),
(164, 311635, 'Web Link'),
(165, 311635, 'Lesson'),
(166, 311791, 'Web Link'),
(167, 311791, 'Lesson Plan'),
(168, 313387, 'Web Link'),
(169, 313387, 'Lesson Plan'),
(170, 339287, 'Web Link'),
(171, 309171, 'Web Link'),
(172, 309171, 'Exploration'),
(173, 315161, 'Web Link'),
(174, 315161, 'Lesson Plan'),
(175, 314413, 'Web Link'),
(176, 314413, 'Lesson'),
(177, 339447, 'Web Link'),
(178, 345441, 'Web Link'),
(179, 318619, 'Web Link'),
(180, 315075, 'Web Link'),
(181, 315075, 'Lesson Plan'),
(182, 345209, 'Web Link'),
(183, 345373, 'Web Link'),
(184, 298757, 'Web Link'),
(185, 298757, 'Lesson Plan'),
(186, 342115, 'Web Link'),
(187, 348071, 'Web Link'),
(188, 342219, 'Web Link'),
(189, 296425, 'Web Link'),
(190, 298753, 'Web Link'),
(191, 298753, 'Lesson'),
(192, 326053, 'Cultural Activities'),
(193, 326053, 'Homeschool Curricula'),
(194, 326053, 'Individual Lesson Plans'),
(195, 326053, 'Teacher Manual & Resources'),
(196, 326053, 'Unit Plans'),
(197, 354157, 'Teacher Manual & Resources'),
(198, 343449, 'Web Link'),
(199, 322511, 'Web Link'),
(200, 356271, 'Videos & Screencasts'),
(201, 318621, 'Web Link'),
(202, 296771, 'Web Link'),
(203, 293507, 'Web Link'),
(204, 293507, 'Worksheet'),
(205, 294699, 'Web Link'),
(206, 294699, 'Collection'),
(207, 302615, 'Web Link'),
(208, 302615, 'Lesson'),
(209, 304737, 'Web Link'),
(210, 304737, 'Lesson'),
(211, 310367, 'Web Link'),
(212, 310367, 'Lesson'),
(213, 318451, 'Games & Activities'),
(214, 324219, 'Flash Cards'),
(215, 312031, 'Web Link'),
(216, 312031, 'Lesson Plan'),
(217, 313941, 'Web Link'),
(218, 313941, 'Worksheet'),
(219, 336205, 'Web Link'),
(220, 336621, 'Web Link'),
(221, 337661, 'Web Link'),
(222, 337685, 'Web Link'),
(223, 342505, 'Web Link'),
(224, 343005, 'Web Link'),
(225, 345293, 'Web Link'),
(226, 347011, 'Web Link'),
(227, 323537, 'Videos & Screencasts'),
(228, 296671, 'Web Link'),
(229, 296671, 'Lesson'),
(230, 292831, 'performance task'),
(231, 294117, 'Web Link'),
(232, 294117, 'Worksheet'),
(233, 294513, 'Web Link'),
(234, 294513, 'Exploration'),
(235, 294887, 'Web Link'),
(236, 294887, 'Group Activity'),
(237, 300393, 'Web Link'),
(238, 300393, 'Worksheet'),
(239, 301115, 'Web Link'),
(240, 301115, 'Lesson'),
(241, 301631, 'Web Link'),
(242, 301631, 'Worksheet'),
(243, 302127, 'Web Link'),
(244, 302127, 'Worksheet'),
(245, 302369, 'Web Link'),
(246, 302369, 'Lesson'),
(247, 303041, 'Web Link'),
(248, 303041, 'Lesson'),
(249, 303621, 'Web Link'),
(250, 303621, 'Lesson'),
(251, 303657, 'Web Link'),
(252, 303657, 'Lesson'),
(253, 303919, 'Web Link'),
(254, 303919, 'Worksheet'),
(255, 305189, 'Web Link'),
(256, 305189, 'Worksheet'),
(257, 308701, 'Web Link'),
(258, 308701, 'Lesson'),
(259, 309377, 'Web Link'),
(260, 309377, 'Lesson'),
(261, 296471, 'Web Link'),
(262, 296471, 'Lesson'),
(263, 296733, 'Web Link'),
(264, 296733, 'Worksheet'),
(265, 296739, 'Web Link'),
(266, 296739, 'Lesson'),
(267, 297289, 'Web Link'),
(268, 297289, 'Worksheet'),
(269, 297613, 'Web Link'),
(270, 297613, 'Lesson'),
(271, 298031, 'Web Link'),
(272, 298031, 'Lesson'),
(273, 298267, 'Web Link'),
(274, 298267, 'Worksheet'),
(275, 298309, 'Web Link'),
(276, 298309, 'Lesson'),
(277, 298359, 'Web Link'),
(278, 298359, 'Lesson'),
(279, 310663, 'Web Link'),
(280, 310663, 'Exploration'),
(281, 310887, 'Web Link'),
(282, 310887, 'Group Activity'),
(283, 295309, 'Web Link'),
(284, 295309, 'Lesson'),
(285, 295669, 'Web Link'),
(286, 295669, 'Lesson'),
(287, 296015, 'Web Link'),
(288, 296015, 'Worksheet'),
(289, 296025, 'Web Link'),
(290, 296025, 'Lesson'),
(291, 309951, 'Web Link'),
(292, 309951, 'Worksheet'),
(293, 316033, 'Web Link'),
(294, 316033, 'Exploration'),
(295, 323481, 'For Principals & Administrators'),
(296, 324727, 'Individual Lesson Plans'),
(297, 326233, 'Homeschool Curricula'),
(298, 326233, 'Web Link'),
(299, 327729, 'Web Link'),
(300, 335759, 'Web Link'),
(301, 336075, 'Web Link'),
(302, 336229, 'Web Link'),
(303, 336241, 'Web Link'),
(304, 291583, 'Worksheets & Homework'),
(305, 291707, 'Worksheets & Homework'),
(306, 315497, 'Web Link'),
(307, 315497, 'Worksheet'),
(308, 327583, 'Web Link'),
(309, 327713, 'Web Link'),
(310, 328061, 'Web Link'),
(311, 329703, 'Web Link'),
(312, 329815, 'Web Link'),
(313, 330107, 'Web Link'),
(314, 334885, 'Web Link'),
(315, 328395, 'Web Link'),
(316, 329721, 'Web Link'),
(317, 329823, 'Web Link'),
(318, 294021, 'Web Link'),
(319, 294021, 'Group Activity'),
(320, 294149, 'Web Link'),
(321, 294149, 'Group Activity'),
(322, 309271, 'Web Link'),
(323, 309271, 'Worksheet'),
(324, 295101, 'Web Link'),
(325, 295101, 'Paper Quiz'),
(326, 295147, 'Web Link'),
(327, 295147, 'Worksheet'),
(328, 327235, 'Exams & Quizzes'),
(329, 327569, 'Web Link'),
(330, 327575, 'Web Link'),
(331, 327621, 'Web Link'),
(332, 327705, 'Web Link'),
(333, 327715, 'Web Link'),
(334, 328069, 'Web Link'),
(335, 329685, 'Web Link'),
(336, 329691, 'Web Link'),
(337, 329693, 'Web Link'),
(338, 329697, 'Web Link'),
(339, 329711, 'Web Link'),
(340, 329749, 'Web Link'),
(341, 329771, 'Web Link'),
(342, 329797, 'Web Link'),
(343, 329805, 'Web Link'),
(344, 329841, 'Web Link'),
(345, 329877, 'Web Link'),
(346, 329949, 'Web Link'),
(347, 354229, 'For Parents'),
(348, 354229, 'Homeschool Curricula'),
(349, 354229, 'Videos & Screencasts'),
(350, 354235, 'For Parents'),
(351, 354235, 'Homeschool Curricula'),
(352, 354235, 'Videos & Screencasts'),
(353, 356037, 'Individual Lesson Plans'),
(354, 356037, 'PowerPoint Presentations'),
(355, 356299, 'Exams & Quizzes'),
(356, 356431, 'Individual Lesson Plans'),
(357, 356431, 'PowerPoint Presentations'),
(358, 356433, 'Individual Lesson Plans'),
(359, 356433, 'PowerPoint Presentations'),
(360, 293593, 'Web Link'),
(361, 293593, 'Worksheet'),
(362, 302043, 'Web Link'),
(363, 302043, 'Lesson'),
(364, 309735, 'Web Link'),
(365, 309735, 'Lesson'),
(366, 327595, 'Web Link'),
(367, 330813, 'Web Link'),
(368, 355807, 'Exams & Quizzes'),
(369, 355807, 'Worksheets & Homework'),
(370, 292503, 'performance task'),
(371, 292723, 'performance task'),
(372, 293601, 'Web Link'),
(373, 293601, 'Lesson Plan'),
(374, 293749, 'Web Link'),
(375, 293749, 'Worksheet'),
(376, 307237, 'Web Link'),
(377, 307237, 'Worksheet'),
(378, 308249, 'Web Link'),
(379, 308249, 'Worksheet'),
(380, 309479, 'Web Link'),
(381, 309479, 'Worksheet'),
(382, 309491, 'Web Link'),
(383, 309491, 'Worksheet'),
(384, 295097, 'Web Link'),
(385, 295097, 'Worksheet'),
(386, 291513, 'Worksheets & Homework'),
(387, 291517, 'Worksheets & Homework'),
(388, 291581, 'Worksheets & Homework'),
(389, 291587, 'Worksheets & Homework'),
(390, 291709, 'Worksheets & Homework'),
(391, 291715, 'Worksheets & Homework'),
(392, 320695, 'Teacher Manual & Resources'),
(393, 324195, 'Videos & Screencasts'),
(394, 324195, 'Web Link'),
(395, 327519, 'Web Link'),
(396, 327581, 'Web Link'),
(397, 327589, 'Web Link'),
(398, 327613, 'Web Link'),
(399, 327633, 'Web Link'),
(400, 327635, 'Web Link'),
(401, 327639, 'Web Link'),
(402, 327691, 'Web Link'),
(403, 327787, 'Web Link'),
(404, 327795, 'Web Link'),
(405, 327799, 'Web Link'),
(406, 327877, 'Web Link'),
(407, 328011, 'Web Link'),
(408, 328035, 'Web Link'),
(409, 328071, 'Web Link'),
(410, 328091, 'Web Link'),
(411, 328097, 'Web Link'),
(412, 328127, 'Web Link'),
(413, 328145, 'Web Link'),
(414, 328203, 'Web Link'),
(415, 328233, 'Web Link'),
(416, 328263, 'Web Link'),
(417, 328305, 'Web Link'),
(418, 328421, 'Web Link'),
(419, 328427, 'Web Link'),
(420, 328431, 'Web Link'),
(421, 328445, 'Web Link'),
(422, 328615, 'Web Link'),
(423, 328709, 'Web Link'),
(424, 328793, 'Web Link'),
(425, 328803, 'Web Link'),
(426, 328807, 'Web Link'),
(427, 328847, 'Web Link'),
(428, 328881, 'Web Link');

-- --------------------------------------------------------

--
-- Table structure for table `spotlight_apps_subjects`
--

DROP TABLE IF EXISTS `spotlight_apps_subjects`;
CREATE TABLE IF NOT EXISTS `spotlight_apps_subjects` (
  `id` int(11) NOT NULL AUTO_INCREMENT,
  `app_id` bigint(50) NOT NULL,
  `subject` varchar(255) NOT NULL,
  PRIMARY KEY (`id`)
) ENGINE=InnoDB  DEFAULT CHARSET=latin1 AUTO_INCREMENT=325 ;

--
-- Dumping data for table `spotlight_apps_subjects`
--

INSERT INTO `spotlight_apps_subjects` (`id`, `app_id`, `subject`) VALUES
(1, 306971, 'Science'),
(2, 306971, 'Math'),
(3, 321177, 'Math'),
(4, 321179, 'Math'),
(5, 321663, 'Math'),
(6, 327237, 'Not Subject Specific'),
(7, 351267, 'Math'),
(8, 351269, 'Math'),
(9, 353539, 'Math'),
(10, 321913, 'Math'),
(11, 293815, 'Math'),
(12, 294207, 'Math'),
(13, 294653, 'Math'),
(14, 308965, 'Science'),
(15, 308965, 'Math'),
(16, 318771, 'Specialty'),
(17, 318771, 'Math'),
(18, 320821, 'Math'),
(19, 321217, 'Math'),
(20, 321817, 'Not Subject Specific'),
(21, 323459, 'Math'),
(22, 326027, 'Math'),
(23, 326145, 'Math'),
(24, 326525, 'Math'),
(25, 327337, 'Math'),
(26, 328013, 'Math'),
(27, 311843, 'Math'),
(28, 351265, 'Specialty'),
(29, 351527, 'Math'),
(30, 343167, 'Science'),
(31, 334689, 'Math'),
(32, 334771, 'Math'),
(33, 334787, 'Math'),
(34, 334797, 'Math'),
(35, 346269, 'Math'),
(36, 346271, 'Math'),
(37, 346277, 'Math'),
(38, 346279, 'Math'),
(39, 346285, 'Math'),
(40, 346289, 'Math'),
(41, 346293, 'Math'),
(42, 346315, 'Math'),
(43, 346317, 'Math'),
(44, 293091, 'Math'),
(45, 324787, 'Specialty'),
(46, 324787, 'Math'),
(47, 326201, 'Math'),
(48, 293945, 'Science'),
(49, 301301, 'Math'),
(50, 298181, 'Arts'),
(51, 332159, 'Math'),
(52, 332877, 'Math'),
(53, 332877, 'PreCalculus'),
(54, 347989, 'Not Subject Specific'),
(55, 323547, 'Science'),
(56, 323547, 'Specialty'),
(57, 347133, 'Science'),
(58, 347133, 'Specialty'),
(59, 293701, 'Math'),
(60, 307309, 'Math'),
(61, 296563, 'English Language Arts'),
(62, 296563, 'Math'),
(63, 291509, 'Math'),
(64, 291569, 'Math'),
(65, 291847, 'Math'),
(66, 291849, 'Math'),
(67, 291851, 'Math'),
(68, 291853, 'Math'),
(69, 291855, 'Math'),
(70, 291857, 'Math'),
(71, 291859, 'Math'),
(72, 291861, 'Math'),
(73, 291863, 'Math'),
(74, 291865, 'Math'),
(75, 291869, 'Math'),
(76, 291879, 'Math'),
(77, 291881, 'Math'),
(78, 291883, 'Math'),
(79, 291891, 'Math'),
(80, 291893, 'Math'),
(81, 291897, 'Math'),
(82, 315753, 'English Language Arts'),
(83, 315753, 'Math'),
(84, 315755, 'English Language Arts'),
(85, 317401, 'Science'),
(86, 317401, 'Math'),
(87, 317781, 'English Language Arts'),
(88, 318125, 'Math'),
(89, 318333, 'Math'),
(90, 318335, 'Math'),
(91, 319369, 'Math'),
(92, 319375, 'Holidays/Seasonal'),
(93, 319375, 'Math'),
(94, 319377, 'Holidays/Seasonal'),
(95, 319377, 'Math'),
(96, 319379, 'Holidays/Seasonal'),
(97, 319379, 'Math'),
(98, 319381, 'Holidays/Seasonal'),
(99, 319381, 'Math'),
(100, 319537, 'Math'),
(101, 319539, 'Math'),
(102, 319543, 'Math'),
(103, 319547, 'Math'),
(104, 319695, 'Science'),
(105, 319695, 'Specialty'),
(106, 319929, 'Math'),
(107, 320421, 'Math'),
(108, 320423, 'Math'),
(109, 320509, 'Foreign Language'),
(110, 320509, 'Social Studies - History'),
(111, 320511, 'Specialty'),
(112, 320895, 'Specialty'),
(113, 321733, 'Specialty'),
(114, 322841, 'Math'),
(115, 322843, 'Math'),
(116, 323267, 'Math'),
(117, 317157, 'Science'),
(118, 339207, 'Science'),
(119, 339207, 'Biology'),
(120, 311441, 'Science'),
(121, 311445, 'Science'),
(122, 323527, 'Science'),
(123, 309037, 'Science'),
(124, 293583, 'Science'),
(125, 301383, 'Science'),
(126, 309133, 'Science'),
(127, 311421, 'Science'),
(128, 311431, 'Science'),
(129, 316087, 'Science'),
(130, 317159, 'Science'),
(131, 317163, 'Science'),
(132, 311635, 'Science'),
(133, 311791, 'Science'),
(134, 313387, 'Science'),
(135, 339287, 'Science'),
(136, 339287, 'Biology'),
(137, 309171, 'Science'),
(138, 315161, 'Science'),
(139, 314413, 'Science'),
(140, 339447, 'Not Subject Specific'),
(141, 345441, 'Not Subject Specific'),
(142, 318619, 'Not Subject Specific'),
(143, 315075, 'Science'),
(144, 345209, 'Not Subject Specific'),
(145, 345373, 'Not Subject Specific'),
(146, 298757, 'Arts'),
(147, 342115, 'Science'),
(148, 348071, 'Not Subject Specific'),
(149, 342219, 'Science'),
(150, 296425, 'Arts'),
(151, 298753, 'Arts'),
(152, 326053, 'Foreign Language'),
(153, 354157, 'Computer Science'),
(154, 343449, 'Not Subject Specific'),
(155, 322511, 'Computer Science'),
(156, 356271, 'Science'),
(157, 318621, 'Not Subject Specific'),
(158, 296771, 'Arts'),
(159, 293507, 'Science'),
(160, 294699, 'English Language Arts'),
(161, 302615, 'Science'),
(162, 304737, 'Science'),
(163, 310367, 'Science'),
(164, 318451, 'Not Subject Specific'),
(165, 324219, 'Math'),
(166, 312031, 'Science'),
(167, 313941, 'Arts'),
(168, 336205, 'Not Subject Specific'),
(169, 336621, 'Not Subject Specific'),
(170, 337661, 'Not Subject Specific'),
(171, 337685, 'Not Subject Specific'),
(172, 342505, 'Science'),
(173, 343005, 'Science'),
(174, 345293, 'Not Subject Specific'),
(175, 347011, 'Not Subject Specific'),
(176, 323537, 'Foreign Language'),
(177, 296671, 'Social Studies - History'),
(178, 292831, 'Math'),
(179, 294117, 'Science'),
(180, 294513, 'Science'),
(181, 294887, 'Math'),
(182, 300393, 'Science'),
(183, 301115, 'Arts'),
(184, 301631, 'Arts'),
(185, 302127, 'Science'),
(186, 302369, 'Arts'),
(187, 303041, 'Science'),
(188, 303621, 'Arts'),
(189, 303657, 'Arts'),
(190, 303919, 'Social Studies - History'),
(191, 305189, 'Social Studies - History'),
(192, 308701, 'Science'),
(193, 309377, 'Science'),
(194, 296471, 'Science'),
(195, 296733, 'Science'),
(196, 296739, 'Arts'),
(197, 297289, 'Science'),
(198, 297613, 'Arts'),
(199, 298031, 'Science'),
(200, 298267, 'Science'),
(201, 298309, 'Science'),
(202, 298359, 'Science'),
(203, 310663, 'Science'),
(204, 310887, 'Social Studies - History'),
(205, 295309, 'Arts'),
(206, 295669, 'Science'),
(207, 296015, 'Science'),
(208, 296025, 'Science'),
(209, 309951, 'Math'),
(210, 316033, 'Science'),
(211, 323481, 'Specialty'),
(212, 324727, 'Arts'),
(213, 326233, 'Science'),
(214, 327729, 'Math'),
(215, 335759, 'Not Subject Specific'),
(216, 336075, 'Art'),
(217, 336229, 'Art'),
(218, 336241, 'Not Subject Specific'),
(219, 291583, 'Math'),
(220, 291707, 'Math'),
(221, 315497, 'Math'),
(222, 327583, 'Math'),
(223, 327713, 'Math'),
(224, 328061, 'Math'),
(225, 329703, 'Math'),
(226, 329703, 'Arithmetic'),
(227, 329815, 'Math'),
(228, 330107, 'Math'),
(229, 334885, 'Not Subject Specific'),
(230, 328395, 'Math'),
(231, 329721, 'Not Subject Specific'),
(232, 329823, 'Math'),
(233, 294021, 'Math'),
(234, 294149, 'Math'),
(235, 309271, 'Math'),
(236, 295101, 'Math'),
(237, 295147, 'Math'),
(238, 327235, 'Math'),
(239, 327569, 'Math'),
(240, 327575, 'Math'),
(241, 327621, 'Math'),
(242, 327705, 'Math'),
(243, 327715, 'Math'),
(244, 328069, 'Math'),
(245, 329685, 'Not Subject Specific'),
(246, 329691, 'Not Subject Specific'),
(247, 329693, 'Not Subject Specific'),
(248, 329697, 'Not Subject Specific'),
(249, 329711, 'Not Subject Specific'),
(250, 329749, 'Math'),
(251, 329771, 'Math'),
(252, 329797, 'Math'),
(253, 329805, 'Math'),
(254, 329841, 'Math'),
(255, 329877, 'Math'),
(256, 329877, 'Fractions'),
(257, 329949, 'Math'),
(258, 329949, 'Fractions'),
(259, 354229, 'Math'),
(260, 354235, 'Math'),
(261, 356037, 'Math'),
(262, 356299, 'Math'),
(263, 356431, 'Math'),
(264, 356433, 'Math'),
(265, 293593, 'Math'),
(266, 302043, 'Science'),
(267, 309735, 'Science'),
(268, 327595, 'Math'),
(269, 330813, 'Math'),
(270, 330813, 'Algebra'),
(271, 355807, 'Math'),
(272, 292503, 'Math'),
(273, 292723, 'Math'),
(274, 293601, 'Math'),
(275, 293749, 'Math'),
(276, 307237, 'Math'),
(277, 308249, 'Math'),
(278, 309479, 'Math'),
(279, 309491, 'Math'),
(280, 295097, 'Math'),
(281, 291513, 'Math'),
(282, 291517, 'Math'),
(283, 291581, 'Math'),
(284, 291587, 'Math'),
(285, 291709, 'Math'),
(286, 291715, 'Math'),
(287, 320695, 'Math'),
(288, 324195, 'Math'),
(289, 327519, 'Math'),
(290, 327581, 'Math'),
(291, 327589, 'Math'),
(292, 327613, 'Math'),
(293, 327633, 'Math'),
(294, 327635, 'Math'),
(295, 327639, 'Math'),
(296, 327691, 'Math'),
(297, 327787, 'Math'),
(298, 327795, 'Not Subject Specific'),
(299, 327799, 'Math'),
(300, 327877, 'Math'),
(301, 328011, 'Math'),
(302, 328035, 'Math'),
(303, 328071, 'Math'),
(304, 328091, 'Math'),
(305, 328091, 'Fractions'),
(306, 328097, 'Math'),
(307, 328097, 'Fractions'),
(308, 328127, 'Math'),
(309, 328145, 'Math'),
(310, 328203, 'Math'),
(311, 328233, 'Math'),
(312, 328263, 'Not Subject Specific'),
(313, 328305, 'Math'),
(314, 328421, 'Not Subject Specific'),
(315, 328427, 'Not Subject Specific'),
(316, 328431, 'Not Subject Specific'),
(317, 328445, 'Math'),
(318, 328615, 'Math'),
(319, 328709, 'Math'),
(320, 328793, 'Math'),
(321, 328803, 'Math'),
(322, 328807, 'Math'),
(323, 328847, 'Math'),
(324, 328881, 'Not Subject Specific');

-- --------------------------------------------------------

--
-- Table structure for table `spotlight_flags`
--

DROP TABLE IF EXISTS `spotlight_flags`;
CREATE TABLE IF NOT EXISTS `spotlight_flags` (
  `id` int(11) NOT NULL AUTO_INCREMENT,
  `flag` varchar(255) NOT NULL,
  PRIMARY KEY (`id`)
) ENGINE=InnoDB  DEFAULT CHARSET=latin1 AUTO_INCREMENT=5 ;

--
-- Dumping data for table `spotlight_flags`
--

INSERT INTO `spotlight_flags` (`id`, `flag`) VALUES
(1, 'Inappropriate'),
(2, 'Not helpful'),
(3, 'Wrong tags'),
(4, 'Spam');

-- --------------------------------------------------------

--
-- Table structure for table `users`
--

DROP TABLE IF EXISTS `users`;
CREATE TABLE IF NOT EXISTS `users` (
  `id` int(11) NOT NULL AUTO_INCREMENT,
  `email` varchar(255) NOT NULL,
  `username` varchar(255) NOT NULL,
  `name` varchar(255) NOT NULL,
  `created_at` datetime NOT NULL,
  `updated_at` timestamp NOT NULL DEFAULT CURRENT_TIMESTAMP ON UPDATE CURRENT_TIMESTAMP,
  `role` varchar(255) NOT NULL,
  `password` varchar(255) NOT NULL,
  PRIMARY KEY (`id`)
) ENGINE=InnoDB  DEFAULT CHARSET=latin1 AUTO_INCREMENT=9 ;

--
-- Dumping data for table `users`
--

INSERT INTO `users` (`id`, `email`, `username`, `name`, `created_at`, `updated_at`, `role`, `password`) VALUES
(3, 'teacher@demo.com', 'nick_fury', 'Nick Fury', '2015-07-07 00:00:00', '2015-07-10 03:34:43', 'teacher', 'demo'),
(4, 'student1@demo.com', 'tony_stark', 'Tony Stark', '2015-07-08 00:00:00', '2015-07-10 03:34:51', 'student', 'demo'),
(5, 'student2@demo.com', 'bruce_banner', 'Bruce Banner', '2015-07-08 00:00:00', '2015-07-10 03:34:58', 'student', 'demo'),
(6, 'student3@demo.com', 'hawk_eye', 'Hawk eye', '2015-07-08 00:00:00', '2015-07-10 03:35:15', 'student', 'demo'),
(7, 'student5@demo.com', 'nathasha_romanov', 'Nathasha Romanov', '2015-07-08 00:00:00', '2015-07-10 03:35:43', 'student', 'demo'),
(8, 'student4@demo.com', 'steve_rogers', 'Steve Rogers', '0000-00-00 00:00:00', '2015-07-10 03:35:54', 'student', 'demo');

/*!40101 SET CHARACTER_SET_CLIENT=@OLD_CHARACTER_SET_CLIENT */;
/*!40101 SET CHARACTER_SET_RESULTS=@OLD_CHARACTER_SET_RESULTS */;
/*!40101 SET COLLATION_CONNECTION=@OLD_COLLATION_CONNECTION */;
